idVar	#A_het	#A_hom	#U_het	#U_hom	#I_het	#I_hom	rsID	#PASS	DPmax	ADmax	DPmin	ADmin	Effect	Impact	aaChange	liste_Individu
1_229566749_G_T	1	0	0	0	0	0	.	1	3	2	3	2	downstream_gene_variant - intergenic_region	MODIFIER		A_B00G48D,
1_229566753_A_T	0	0	0	0	1	0	.	0	4	2	4	2	downstream_gene_variant - intergenic_region	MODIFIER		I_B00GRO8,
1_229566754_G_T	0	1	0	0	0	0	.	1	2	2	2	2	downstream_gene_variant - intergenic_region	MODIFIER		A_B00GL9Z,
1_229566783_G_T	0	0	0	1	0	0	.	1	2	2	2	2	downstream_gene_variant - intergenic_region	MODIFIER		U_B00HWPJ,
1_229566785_G_T	0	1	0	0	0	0	.	0	2	2	2	2	downstream_gene_variant - intergenic_region	MODIFIER		A_B00FZKT,
1_229566789_A_T	1	0	0	0	0	0	.	0	4	2	4	2	downstream_gene_variant - intergenic_region	MODIFIER		A_B00HWP4,
1_229566807_T_C	1	0	0	0	0	0	.	1	3	2	3	2	downstream_gene_variant - intergenic_region	MODIFIER		A_B00G7B5,
1_229566834_C_T	0	0	0	1	0	0	.	1	2	2	2	2	downstream_gene_variant - intergenic_region	MODIFIER		U_B00HWNC,
1_229566851_G_T	0	0	1	0	0	0	.	1	3	2	3	2	downstream_gene_variant - intergenic_region	MODIFIER		U_B00FXP9,
1_229566906_A_G	0	1	0	0	0	0	.	1	2	2	2	2	downstream_gene_variant - intergenic_region	MODIFIER		A_B00FXSE,
1_229566922_T_A	0	0	0	1	0	0	.	1	2	2	2	2	downstream_gene_variant - intergenic_region	MODIFIER		U_B00GL9V,
1_229566989_C_A	0	0	1	0	0	0	.	1	3	2	3	2	downstream_gene_variant - intergenic_region	MODIFIER		U_B00G474,
1_229567029_A_C	0	1	0	0	0	0	.	1	3	3	3	3	3_prime_UTR_variant	MODIFIER		A_BGI_PAM-3960,
1_229567169_G_T	0	0	1	0	0	0	.	1	7	2	7	2	3_prime_UTR_variant	MODIFIER		U_B00FZJL,
1_229567187_G_GC	1	0	0	0	0	0	rs148828901	1	9	7	9	7	3_prime_UTR_variant	MODIFIER		A_B00FZM6,
1_229567219_A_T	1	0	0	0	0	0	.	1	9	2	9	2	3_prime_UTR_variant	MODIFIER		A_B00FZND,
1_229567229_C_T	1	0	0	0	0	0	.	1	11	2	11	2	3_prime_UTR_variant	MODIFIER		A_B00FZND,
1_229567384_G_T	6	1	4	0	0	0	rs74897770	11	72	36	23	13	synonymous_variant	LOW	p.Ile332Ile	A_B00FZFC,A_B00FZG4,A_B00FZGO,A_B00FZIM,A_B00FZIR,A_B00FZM6,A_BGI_CNM-Balo,U_B00FXPA,U_B00FZG3,U_B00FZIL,U_B00G497,
1_229567498_G_T	0	0	1	0	0	0	.	1	56	29	56	29	synonymous_variant	LOW	p.Thr320Thr	U_B00FXRQ,
1_229567660_C_CG	214	22	155	16	2	2	rs201427429	411	94	57	14	4	intron_variant	MODIFIER		A_B00FXPQ,A_B00FXPY,A_B00FXPZ,A_B00FXQ0,A_B00FXQ6,A_B00FXQ9,A_B00FXQF,A_B00FXQI,A_B00FXQY,A_B00FXR2,A_B00FXRU,A_B00FXRV,A_B00FXS0,A_B00FXSE,A_B00FXT4,A_B00FXT8,A_B00FXTN,A_B00FXTY,A_B00FXU1,A_B00FXU4,A_B00FXYK,A_B00FZEQ,A_B00FZER,A_B00FZEZ,A_B00FZF0,A_B00FZF5,A_B00FZF6,A_B00FZFD,A_B00FZFE,A_B00FZFN,A_B00FZFR,A_B00FZFT,A_B00FZFU,A_B00FZFV,A_B00FZG4,A_B00FZG6,A_B00FZGD,A_B00FZGP,A_B00FZGR,A_B00FZGX,A_B00FZH0,A_B00FZH2,A_B00FZH8,A_B00FZH9,A_B00FZHH,A_B00FZHX,A_B00FZI1,A_B00FZI3,A_B00FZI4,A_B00FZI6,A_B00FZIF,A_B00FZII,A_B00FZIJ,A_B00FZIM,A_B00FZIP,A_B00FZIR,A_B00FZIT,A_B00FZJ1,A_B00FZJ2,A_B00FZJ3,A_B00FZJA,A_B00FZJB,A_B00FZJC,A_B00FZJF,A_B00FZJK,A_B00FZJN,A_B00FZJO,A_B00FZJP,A_B00FZJS,A_B00FZKQ,A_B00FZKR,A_B00FZL0,A_B00FZL1,A_B00FZLB,A_B00FZLG,A_B00FZLH,A_B00FZLJ,A_B00FZLN,A_B00FZLS,A_B00FZLU,A_B00FZLX,A_B00FZM4,A_B00FZM5,A_B00FZMA,A_B00FZMC,A_B00FZMJ,A_B00FZMM,A_B00FZMP,A_B00FZMX,A_B00FZN1,A_B00FZN5,A_B00FZN8,A_B00FZNA,A_B00G462,A_B00G463,A_B00G467,A_B00G468,A_B00G469,A_B00G46A,A_B00G46C,A_B00G46O,A_B00G46V,A_B00G46W,A_B00G476,A_B00G47K,A_B00G47O,A_B00G47U,A_B00G47X,A_B00G488,A_B00G48B,A_B00G48C,A_B00G48E,A_B00G48P,A_B00G491,A_B00G49A,A_B00G49B,A_B00G49P,A_B00G49Q,A_B00G49S,A_B00G49V,A_B00G4A0,A_B00G4A7,A_B00G4AG,A_B00G4AH,A_B00G4AK,A_B00G4AL,A_B00G4AO,A_B00G4AR,A_B00G4AU,A_B00G4B5,A_B00G4B6,A_B00G75Y,A_B00G75Z,A_B00G761,A_B00G768,A_B00G76I,A_B00G76R,A_B00G76U,A_B00G76Y,A_B00G77D,A_B00G77Z,A_B00G783,A_B00G78E,A_B00G78F,A_B00G78I,A_B00G78L,A_B00G78O,A_B00G794,A_B00G796,A_B00G797,A_B00G798,A_B00G799,A_B00G79G,A_B00G79H,A_B00G79J,A_B00G79L,A_B00G7A7,A_B00G7A9,A_B00G7AB,A_B00G7AG,A_B00G7AO,A_B00G7AP,A_B00G7B1,A_B00G7B2,A_B00G7B5,A_B00G7BD,A_B00G7BH,A_B00G7BI,A_B00G7BM,A_B00G7BN,A_B00G7BO,A_B00G7BR,A_B00G7BS,A_B00G7BX,A_B00G7BZ,A_B00G7CE,A_B00G7CI,A_B00G7CN,A_B00G7CV,A_B00G7CY,A_B00G7D6,A_B00G7D7,A_B00GL87,A_B00GL8D,A_B00GL8H,A_B00GL8I,A_B00GL8L,A_B00GL8O,A_B00GL8Q,A_B00GL8V,A_B00GL8W,A_B00GL98,A_B00GL9A,A_B00GL9G,A_B00GL9H,A_B00GL9I,A_B00GL9J,A_B00GL9M,A_B00GL9P,A_B00GL9Q,A_B00GL9S,A_B00GLA0,A_B00GLAH,A_B00GLAO,A_B00HWN9,A_B00HWNA,A_B00HWNZ,A_B00HWO8,A_B00HWOA,A_B00HWOD,A_B00HWOE,A_B00HWOH,A_B00HWOO,A_B00HWOU,A_B00HWP0,A_B00HWP4,A_B00HWP9,A_B00HWPD,A_B00HWPH,A_B00HWPK,A_B00IQ6K,A_B00IQ73,A_B00IQ78,A_B00IQ79,A_BGI_5-7346,A_BGI_7002,A_BGI_7003,A_BGI_ART33,A_BGI_CNM-Balo,A_BGI_PAM-10801,A_BGI_PAM-12789,A_BGI_PAM-13186,A_BGI_PAM-DIA,A_BGI_PAM-SOB,A_BGI_TAM-DS,A_BGI_TAM-IS,I_B00GRO5,I_B00GRO7,I_B00GRO9,I_B00GXRA,U_B00FXP6,U_B00FXPJ,U_B00FXPN,U_B00FXPO,U_B00FXQ1,U_B00FXQ2,U_B00FXQ3,U_B00FXQ5,U_B00FXQ8,U_B00FXQP,U_B00FXQW,U_B00FXQX,U_B00FXR0,U_B00FXR1,U_B00FXRB,U_B00FXRY,U_B00FXS1,U_B00FXS7,U_B00FXST,U_B00FXSU,U_B00FXT2,U_B00FXTC,U_B00FXTQ,U_B00FXU0,U_B00FXU5,U_B00FXU6,U_B00FXUC,U_B00FZF4,U_B00FZG5,U_B00FZGW,U_B00FZHG,U_B00FZIG,U_B00FZIL,U_B00FZIO,U_B00FZJM,U_B00FZJQ,U_B00FZJR,U_B00FZMG,U_B00FZMH,U_B00FZMK,U_B00FZMY,U_B00FZNB,U_B00FZNC,U_B00G465,U_B00G466,U_B00G46F,U_B00G46G,U_B00G46I,U_B00G46M,U_B00G46N,U_B00G46R,U_B00G46S,U_B00G470,U_B00G47C,U_B00G47D,U_B00G47I,U_B00G47J,U_B00G47N,U_B00G47P,U_B00G47Q,U_B00G47V,U_B00G47W,U_B00G47Y,U_B00G48A,U_B00G48F,U_B00G48G,U_B00G48R,U_B00G496,U_B00G498,U_B00G49D,U_B00G49G,U_B00G49O,U_B00G4AW,U_B00G4AX,U_B00G4B0,U_B00G4B2,U_B00G75W,U_B00G767,U_B00G76E,U_B00G76K,U_B00G76L,U_B00G76M,U_B00G76P,U_B00G76S,U_B00G76V,U_B00G76X,U_B00G76Z,U_B00G77E,U_B00G77T,U_B00G77V,U_B00G77W,U_B00G77X,U_B00G77Y,U_B00G780,U_B00G781,U_B00G782,U_B00G78C,U_B00G78G,U_B00G78J,U_B00G78M,U_B00G78T,U_B00G795,U_B00G79A,U_B00G79N,U_B00G7A5,U_B00G7AC,U_B00G7AN,U_B00G7AQ,U_B00G7AU,U_B00G7B0,U_B00G7B3,U_B00G7B9,U_B00G7BJ,U_B00G7BK,U_B00G7BL,U_B00G7BP,U_B00G7BQ,U_B00G7BT,U_B00G7CD,U_B00G7CF,U_B00G7CH,U_B00G7CL,U_B00G7CT,U_B00G7D9,U_B00G7DA,U_B00G7DF,U_B00GL86,U_B00GL88,U_B00GL8B,U_B00GL8C,U_B00GL8K,U_B00GL8M,U_B00GL8N,U_B00GL9C,U_B00GL9O,U_B00GLAF,U_B00GLAJ,U_B00GLAL,U_B00GLAP,U_B00GLAQ,U_B00GRO3,U_B00HWMV,U_B00HWNH,U_B00HWNQ,U_B00HWNY,U_B00HWO6,U_B00HWOB,U_B00HWOC,U_B00HWOM,U_B00HWOP,U_B00HWOS,U_B00HWOT,U_B00HWOY,U_B00HWP2,U_B00HWPA,U_B00HWPB,U_B00HWPE,U_B00HWPG,U_B00HWPI,U_B00HWPL,U_B00IQ6I,U_B00IQ6L,U_B00IQ6M,U_B00IQ76,U_B00IQ7B,U_B00IQ7F,U_B00IQ7T,U_B00IQ7U,U_BGI_1-2845,U_BGI_5-7418,U_BGI_APM72,
1_229567663_C_CG	4	0	2	0	0	0	rs398123565	6	53	29	20	9	intron_variant	MODIFIER		A_B00FXTU,A_B00FXTV,A_B00G46B,A_B00G7DR,U_B00FXTW,U_B00G7DP,
1_229567663_C_CG,G	1	0	1	0	0	0	rs398123565,rs6673359	2	62	34	60	32	intron_variant	MODIFIER		A_B00G47U,U_B00G47V,
1_229567663_C_G	232	37	176	28	2	2	rs6673359	477	97	59	14	4	intron_variant	MODIFIER		A_B00FXPQ,A_B00FXPY,A_B00FXPZ,A_B00FXQ0,A_B00FXQ6,A_B00FXQ9,A_B00FXQF,A_B00FXQI,A_B00FXQO,A_B00FXQY,A_B00FXR2,A_B00FXRU,A_B00FXRV,A_B00FXRW,A_B00FXS0,A_B00FXSE,A_B00FXT4,A_B00FXT8,A_B00FXTN,A_B00FXTY,A_B00FXU1,A_B00FXU4,A_B00FXYK,A_B00FZEQ,A_B00FZER,A_B00FZEZ,A_B00FZF0,A_B00FZF5,A_B00FZF6,A_B00FZFC,A_B00FZFD,A_B00FZFE,A_B00FZFN,A_B00FZFR,A_B00FZFS,A_B00FZFT,A_B00FZFU,A_B00FZFV,A_B00FZG4,A_B00FZG6,A_B00FZGD,A_B00FZGK,A_B00FZGO,A_B00FZGP,A_B00FZGQ,A_B00FZGR,A_B00FZGS,A_B00FZGX,A_B00FZH0,A_B00FZH2,A_B00FZH8,A_B00FZH9,A_B00FZHH,A_B00FZHX,A_B00FZI1,A_B00FZI3,A_B00FZI4,A_B00FZI6,A_B00FZIF,A_B00FZII,A_B00FZIJ,A_B00FZIM,A_B00FZIP,A_B00FZIR,A_B00FZIT,A_B00FZJ1,A_B00FZJ2,A_B00FZJ3,A_B00FZJA,A_B00FZJB,A_B00FZJC,A_B00FZJF,A_B00FZJK,A_B00FZJN,A_B00FZJO,A_B00FZJP,A_B00FZJS,A_B00FZKQ,A_B00FZKR,A_B00FZL0,A_B00FZL1,A_B00FZLB,A_B00FZLD,A_B00FZLG,A_B00FZLH,A_B00FZLJ,A_B00FZLN,A_B00FZLS,A_B00FZLU,A_B00FZLX,A_B00FZM4,A_B00FZM5,A_B00FZM6,A_B00FZMA,A_B00FZMC,A_B00FZMJ,A_B00FZMM,A_B00FZMP,A_B00FZMX,A_B00FZN0,A_B00FZN1,A_B00FZN5,A_B00FZN8,A_B00FZNA,A_B00G462,A_B00G463,A_B00G467,A_B00G468,A_B00G469,A_B00G46A,A_B00G46C,A_B00G46O,A_B00G46V,A_B00G46W,A_B00G476,A_B00G47K,A_B00G47O,A_B00G47X,A_B00G488,A_B00G48B,A_B00G48C,A_B00G48E,A_B00G48P,A_B00G491,A_B00G49A,A_B00G49B,A_B00G49I,A_B00G49L,A_B00G49M,A_B00G49P,A_B00G49Q,A_B00G49S,A_B00G49V,A_B00G4A0,A_B00G4A7,A_B00G4AG,A_B00G4AH,A_B00G4AK,A_B00G4AL,A_B00G4AO,A_B00G4AQ,A_B00G4AR,A_B00G4AT,A_B00G4AU,A_B00G4B1,A_B00G4B5,A_B00G4B6,A_B00G75Y,A_B00G75Z,A_B00G761,A_B00G768,A_B00G76I,A_B00G76R,A_B00G76U,A_B00G76Y,A_B00G77D,A_B00G77Z,A_B00G783,A_B00G78E,A_B00G78F,A_B00G78I,A_B00G78L,A_B00G78O,A_B00G794,A_B00G796,A_B00G797,A_B00G798,A_B00G799,A_B00G79G,A_B00G79H,A_B00G79J,A_B00G79L,A_B00G79P,A_B00G7A7,A_B00G7A9,A_B00G7AB,A_B00G7AG,A_B00G7AK,A_B00G7AL,A_B00G7AO,A_B00G7AP,A_B00G7B1,A_B00G7B2,A_B00G7B5,A_B00G7B8,A_B00G7BD,A_B00G7BH,A_B00G7BI,A_B00G7BM,A_B00G7BN,A_B00G7BO,A_B00G7BR,A_B00G7BS,A_B00G7BX,A_B00G7BZ,A_B00G7CB,A_B00G7CE,A_B00G7CI,A_B00G7CN,A_B00G7CV,A_B00G7CY,A_B00G7D6,A_B00G7D7,A_B00GL87,A_B00GL8D,A_B00GL8H,A_B00GL8I,A_B00GL8L,A_B00GL8O,A_B00GL8Q,A_B00GL8V,A_B00GL8W,A_B00GL96,A_B00GL98,A_B00GL9A,A_B00GL9G,A_B00GL9H,A_B00GL9I,A_B00GL9J,A_B00GL9M,A_B00GL9P,A_B00GL9Q,A_B00GL9S,A_B00GL9X,A_B00GL9Z,A_B00GLA0,A_B00GLAH,A_B00GLAO,A_B00HWN9,A_B00HWNA,A_B00HWND,A_B00HWNG,A_B00HWNZ,A_B00HWO8,A_B00HWOA,A_B00HWOD,A_B00HWOE,A_B00HWOH,A_B00HWOO,A_B00HWOU,A_B00HWP0,A_B00HWP4,A_B00HWP9,A_B00HWPD,A_B00HWPH,A_B00HWPK,A_B00IQ6K,A_B00IQ73,A_B00IQ78,A_B00IQ79,A_BGI_5-2552,A_BGI_5-3419,A_BGI_5-4191,A_BGI_5-7346,A_BGI_5-9557,A_BGI_7002,A_BGI_7003,A_BGI_ART33,A_BGI_CNM-Balo,A_BGI_CSM-EF,A_BGI_CSM-NF,A_BGI_PAM-10801,A_BGI_PAM-12789,A_BGI_PAM-13186,A_BGI_PAM-7237,A_BGI_PAM-DIA,A_BGI_PAM-SOB,A_BGI_TAM-DS,A_BGI_TAM-IS,I_B00GRO5,I_B00GRO7,I_B00GRO9,I_B00GXRA,U_B00FXP6,U_B00FXPA,U_B00FXPJ,U_B00FXPN,U_B00FXPO,U_B00FXQ1,U_B00FXQ2,U_B00FXQ3,U_B00FXQ5,U_B00FXQ8,U_B00FXQM,U_B00FXQP,U_B00FXQW,U_B00FXQX,U_B00FXR0,U_B00FXR1,U_B00FXRB,U_B00FXRX,U_B00FXRY,U_B00FXS1,U_B00FXS7,U_B00FXST,U_B00FXSU,U_B00FXT2,U_B00FXTB,U_B00FXTC,U_B00FXTQ,U_B00FXU0,U_B00FXU5,U_B00FXU6,U_B00FXUC,U_B00FXUF,U_B00FZF4,U_B00FZG3,U_B00FZG5,U_B00FZGW,U_B00FZHG,U_B00FZIG,U_B00FZIL,U_B00FZIO,U_B00FZJM,U_B00FZJQ,U_B00FZJR,U_B00FZMG,U_B00FZMH,U_B00FZMK,U_B00FZMY,U_B00FZNB,U_B00FZNC,U_B00G465,U_B00G466,U_B00G46F,U_B00G46G,U_B00G46I,U_B00G46M,U_B00G46N,U_B00G46R,U_B00G46S,U_B00G470,U_B00G47C,U_B00G47D,U_B00G47I,U_B00G47J,U_B00G47N,U_B00G47P,U_B00G47Q,U_B00G47W,U_B00G47Y,U_B00G48A,U_B00G48F,U_B00G48G,U_B00G48O,U_B00G48R,U_B00G496,U_B00G497,U_B00G498,U_B00G49D,U_B00G49G,U_B00G49J,U_B00G49O,U_B00G4AW,U_B00G4AX,U_B00G4B0,U_B00G4B2,U_B00G4BD,U_B00G75W,U_B00G767,U_B00G76E,U_B00G76K,U_B00G76L,U_B00G76M,U_B00G76P,U_B00G76S,U_B00G76V,U_B00G76X,U_B00G76Z,U_B00G77E,U_B00G77T,U_B00G77V,U_B00G77W,U_B00G77X,U_B00G77Y,U_B00G780,U_B00G781,U_B00G782,U_B00G78C,U_B00G78G,U_B00G78J,U_B00G78M,U_B00G78T,U_B00G795,U_B00G79A,U_B00G79N,U_B00G79O,U_B00G7A5,U_B00G7AC,U_B00G7AI,U_B00G7AJ,U_B00G7AN,U_B00G7AQ,U_B00G7AR,U_B00G7AU,U_B00G7B0,U_B00G7B3,U_B00G7B4,U_B00G7B6,U_B00G7B9,U_B00G7BJ,U_B00G7BK,U_B00G7BL,U_B00G7BP,U_B00G7BQ,U_B00G7BT,U_B00G7C8,U_B00G7C9,U_B00G7CA,U_B00G7CD,U_B00G7CF,U_B00G7CH,U_B00G7CL,U_B00G7CT,U_B00G7D9,U_B00G7DA,U_B00G7DF,U_B00GL86,U_B00GL88,U_B00GL8B,U_B00GL8C,U_B00GL8K,U_B00GL8M,U_B00GL8N,U_B00GL9B,U_B00GL9C,U_B00GL9E,U_B00GL9F,U_B00GL9O,U_B00GL9W,U_B00GLA2,U_B00GLAD,U_B00GLAF,U_B00GLAJ,U_B00GLAL,U_B00GLAP,U_B00GLAQ,U_B00GRO3,U_B00HWMV,U_B00HWNB,U_B00HWNF,U_B00HWNH,U_B00HWNQ,U_B00HWNY,U_B00HWO6,U_B00HWO7,U_B00HWOB,U_B00HWOC,U_B00HWOM,U_B00HWOP,U_B00HWOS,U_B00HWOT,U_B00HWOW,U_B00HWOY,U_B00HWP2,U_B00HWPA,U_B00HWPB,U_B00HWPE,U_B00HWPG,U_B00HWPI,U_B00HWPL,U_B00IQ6I,U_B00IQ6L,U_B00IQ6M,U_B00IQ6Q,U_B00IQ76,U_B00IQ7B,U_B00IQ7F,U_B00IQ7T,U_B00IQ7U,U_BGI_1-2845,U_BGI_5-3417,U_BGI_5-3418,U_BGI_5-4189,U_BGI_5-7418,U_BGI_APM72,U_BGI_CSM-MF,
1_229567671_G_A	1	0	1	0	0	0	rs201530525	2	30	19	27	15	intron_variant	MODIFIER		A_B00G7E1,U_B00G7DN,
1_229567683_TC_T	239	26	174	21	2	2	rs59228224	464	78	52	7	3	intron_variant	MODIFIER		A_B00FXPQ,A_B00FXPY,A_B00FXPZ,A_B00FXQ0,A_B00FXQ6,A_B00FXQ9,A_B00FXQF,A_B00FXQI,A_B00FXQO,A_B00FXQY,A_B00FXR2,A_B00FXRU,A_B00FXRV,A_B00FXRW,A_B00FXS0,A_B00FXSE,A_B00FXT4,A_B00FXT8,A_B00FXTN,A_B00FXTU,A_B00FXTV,A_B00FXTY,A_B00FXU1,A_B00FXU4,A_B00FXYK,A_B00FZEQ,A_B00FZER,A_B00FZEZ,A_B00FZF0,A_B00FZF5,A_B00FZF6,A_B00FZFC,A_B00FZFD,A_B00FZFE,A_B00FZFN,A_B00FZFR,A_B00FZFS,A_B00FZFT,A_B00FZFU,A_B00FZFV,A_B00FZG4,A_B00FZG6,A_B00FZGD,A_B00FZGP,A_B00FZGQ,A_B00FZGR,A_B00FZGS,A_B00FZGX,A_B00FZH0,A_B00FZH2,A_B00FZH8,A_B00FZH9,A_B00FZHH,A_B00FZHX,A_B00FZI1,A_B00FZI3,A_B00FZI4,A_B00FZI6,A_B00FZIF,A_B00FZII,A_B00FZIJ,A_B00FZIM,A_B00FZIP,A_B00FZIR,A_B00FZIT,A_B00FZJ1,A_B00FZJ2,A_B00FZJ3,A_B00FZJA,A_B00FZJB,A_B00FZJC,A_B00FZJF,A_B00FZJK,A_B00FZJN,A_B00FZJO,A_B00FZJP,A_B00FZJS,A_B00FZKQ,A_B00FZKR,A_B00FZL0,A_B00FZL1,A_B00FZLB,A_B00FZLG,A_B00FZLH,A_B00FZLJ,A_B00FZLN,A_B00FZLS,A_B00FZLU,A_B00FZLX,A_B00FZM4,A_B00FZM5,A_B00FZM6,A_B00FZMA,A_B00FZMC,A_B00FZMJ,A_B00FZMM,A_B00FZMP,A_B00FZMX,A_B00FZN1,A_B00FZN5,A_B00FZN8,A_B00FZNA,A_B00G462,A_B00G463,A_B00G467,A_B00G468,A_B00G469,A_B00G46A,A_B00G46B,A_B00G46C,A_B00G46O,A_B00G46V,A_B00G46W,A_B00G476,A_B00G47K,A_B00G47O,A_B00G47U,A_B00G47X,A_B00G488,A_B00G48B,A_B00G48C,A_B00G48E,A_B00G48P,A_B00G491,A_B00G49A,A_B00G49B,A_B00G49I,A_B00G49L,A_B00G49M,A_B00G49P,A_B00G49Q,A_B00G49S,A_B00G49V,A_B00G4A0,A_B00G4A7,A_B00G4AG,A_B00G4AH,A_B00G4AK,A_B00G4AL,A_B00G4AO,A_B00G4AQ,A_B00G4AR,A_B00G4AT,A_B00G4AU,A_B00G4B1,A_B00G4B5,A_B00G4B6,A_B00G75Y,A_B00G75Z,A_B00G761,A_B00G768,A_B00G76I,A_B00G76R,A_B00G76U,A_B00G76Y,A_B00G77D,A_B00G77Z,A_B00G783,A_B00G78E,A_B00G78F,A_B00G78I,A_B00G78L,A_B00G78O,A_B00G794,A_B00G796,A_B00G797,A_B00G798,A_B00G799,A_B00G79G,A_B00G79H,A_B00G79J,A_B00G79L,A_B00G7A7,A_B00G7A9,A_B00G7AB,A_B00G7AG,A_B00G7AK,A_B00G7AL,A_B00G7AO,A_B00G7AP,A_B00G7B1,A_B00G7B2,A_B00G7B5,A_B00G7B8,A_B00G7BD,A_B00G7BH,A_B00G7BI,A_B00G7BM,A_B00G7BN,A_B00G7BO,A_B00G7BR,A_B00G7BS,A_B00G7BX,A_B00G7BZ,A_B00G7CE,A_B00G7CI,A_B00G7CN,A_B00G7CV,A_B00G7CY,A_B00G7D6,A_B00G7D7,A_B00G7DR,A_B00GL87,A_B00GL8D,A_B00GL8H,A_B00GL8I,A_B00GL8L,A_B00GL8O,A_B00GL8Q,A_B00GL8V,A_B00GL8W,A_B00GL96,A_B00GL98,A_B00GL9A,A_B00GL9G,A_B00GL9H,A_B00GL9I,A_B00GL9J,A_B00GL9M,A_B00GL9P,A_B00GL9Q,A_B00GL9S,A_B00GL9Z,A_B00GLA0,A_B00GLAH,A_B00GLAO,A_B00HWN9,A_B00HWNA,A_B00HWND,A_B00HWNG,A_B00HWNZ,A_B00HWO8,A_B00HWOA,A_B00HWOD,A_B00HWOE,A_B00HWOH,A_B00HWOO,A_B00HWOU,A_B00HWP0,A_B00HWP4,A_B00HWP9,A_B00HWPD,A_B00HWPH,A_B00HWPK,A_B00IQ6K,A_B00IQ73,A_B00IQ78,A_B00IQ79,A_BGI_5-3419,A_BGI_5-4191,A_BGI_5-7346,A_BGI_5-9557,A_BGI_7002,A_BGI_7003,A_BGI_ART33,A_BGI_CNM-Balo,A_BGI_CSM-EF,A_BGI_CSM-NF,A_BGI_PAM-10801,A_BGI_PAM-12789,A_BGI_PAM-13186,A_BGI_PAM-DIA,A_BGI_PAM-SOB,A_BGI_TAM-DS,A_BGI_TAM-IS,I_B00GRO5,I_B00GRO7,I_B00GRO9,I_B00GXRA,U_B00FXP6,U_B00FXPJ,U_B00FXPN,U_B00FXPO,U_B00FXQ1,U_B00FXQ2,U_B00FXQ3,U_B00FXQ5,U_B00FXQ8,U_B00FXQM,U_B00FXQP,U_B00FXQW,U_B00FXQX,U_B00FXR0,U_B00FXR1,U_B00FXRB,U_B00FXRX,U_B00FXRY,U_B00FXS1,U_B00FXS7,U_B00FXST,U_B00FXSU,U_B00FXT2,U_B00FXTC,U_B00FXTQ,U_B00FXTW,U_B00FXU0,U_B00FXU5,U_B00FXU6,U_B00FXUC,U_B00FZF4,U_B00FZG5,U_B00FZGW,U_B00FZHG,U_B00FZIG,U_B00FZIL,U_B00FZIO,U_B00FZJM,U_B00FZJQ,U_B00FZJR,U_B00FZMG,U_B00FZMH,U_B00FZMK,U_B00FZMY,U_B00FZNB,U_B00FZNC,U_B00G465,U_B00G466,U_B00G46F,U_B00G46G,U_B00G46I,U_B00G46M,U_B00G46N,U_B00G46R,U_B00G46S,U_B00G470,U_B00G47C,U_B00G47D,U_B00G47I,U_B00G47J,U_B00G47N,U_B00G47P,U_B00G47Q,U_B00G47V,U_B00G47W,U_B00G47Y,U_B00G48A,U_B00G48F,U_B00G48G,U_B00G48R,U_B00G496,U_B00G497,U_B00G498,U_B00G49D,U_B00G49G,U_B00G49J,U_B00G49O,U_B00G4AW,U_B00G4AX,U_B00G4B0,U_B00G4B2,U_B00G4BD,U_B00G75W,U_B00G767,U_B00G76E,U_B00G76K,U_B00G76L,U_B00G76M,U_B00G76P,U_B00G76S,U_B00G76V,U_B00G76X,U_B00G76Z,U_B00G77E,U_B00G77T,U_B00G77V,U_B00G77W,U_B00G77X,U_B00G77Y,U_B00G780,U_B00G781,U_B00G782,U_B00G78C,U_B00G78G,U_B00G78J,U_B00G78M,U_B00G78T,U_B00G795,U_B00G79A,U_B00G79N,U_B00G7A5,U_B00G7AC,U_B00G7AI,U_B00G7AJ,U_B00G7AN,U_B00G7AQ,U_B00G7AR,U_B00G7AU,U_B00G7B0,U_B00G7B3,U_B00G7B4,U_B00G7B6,U_B00G7B9,U_B00G7BJ,U_B00G7BK,U_B00G7BL,U_B00G7BP,U_B00G7BQ,U_B00G7BT,U_B00G7CD,U_B00G7CF,U_B00G7CH,U_B00G7CL,U_B00G7CT,U_B00G7D9,U_B00G7DA,U_B00G7DF,U_B00G7DP,U_B00GL86,U_B00GL88,U_B00GL8B,U_B00GL8C,U_B00GL8K,U_B00GL8M,U_B00GL8N,U_B00GL9B,U_B00GL9C,U_B00GL9E,U_B00GL9F,U_B00GL9O,U_B00GLA2,U_B00GLAF,U_B00GLAJ,U_B00GLAL,U_B00GLAP,U_B00GLAQ,U_B00GRO3,U_B00HWMV,U_B00HWNB,U_B00HWNF,U_B00HWNH,U_B00HWNQ,U_B00HWNY,U_B00HWO6,U_B00HWO7,U_B00HWOB,U_B00HWOC,U_B00HWOM,U_B00HWOP,U_B00HWOS,U_B00HWOT,U_B00HWOW,U_B00HWOY,U_B00HWP2,U_B00HWPA,U_B00HWPB,U_B00HWPE,U_B00HWPG,U_B00HWPI,U_B00HWPL,U_B00IQ6I,U_B00IQ6L,U_B00IQ6M,U_B00IQ6Q,U_B00IQ76,U_B00IQ7B,U_B00IQ7F,U_B00IQ7T,U_B00IQ7U,U_BGI_1-2845,U_BGI_5-3418,U_BGI_5-4189,U_BGI_5-7418,U_BGI_APM72,U_BGI_CSM-MF,
1_229567692_C_A	0	0	1	0	0	0	rs187159043	1	20	5	20	5	intron_variant	MODIFIER		U_B00G77H,
1_229567763_C_G	1	0	0	0	0	0	rs141030526	1	24	10	24	10	synonymous_variant	LOW	p.Thr262Thr	A_B00FZGO,
1_229567786_C_G	1	0	0	0	0	0	.	1	26	4	26	4	missense_variant	MODERATE	p.Glu255Gln	A_B00G47K,
1_229567790_G_C	1	0	0	0	0	0	.	1	15	3	15	3	synonymous_variant	LOW	p.Gly253Gly	A_B00FZI1,
1_229567863_A_G	1	0	0	0	0	0	.	1	24	9	24	9	missense_variant	MODERATE	p.Met229Thr	A_BGI_PAM-497,
1_229567960_C_G	2	0	0	0	0	0	rs201769848	2	36	17	34	14	intron_variant	MODIFIER		A_B00G4AA,A_B00G4B9,
1_229568184_C_G	1	0	2	0	0	0	.	3	36	11	26	9	splice_region_variant&intron_variant	LOW		A_B00HWP9,U_B00HWPA,U_B00HWPB,
1_229568211_G_A	1	0	0	0	0	0	.	0	18	2	18	2	intron_variant	MODIFIER		A_B00G49E,
1_229568215_G_C	1	0	0	0	0	0	.	1	16	2	16	2	intron_variant	MODIFIER		A_B00G49E,
1_229568231_T_G	6	602	6	515	0	5	rs527621	1134	35	35	1	1	intron_variant	MODIFIER		A_B00FXPB,A_B00FXPG,A_B00FXPH,A_B00FXPL,A_B00FXPQ,A_B00FXPU,A_B00FXPV,A_B00FXPW,A_B00FXPY,A_B00FXPZ,A_B00FXQ0,A_B00FXQ6,A_B00FXQ9,A_B00FXQA,A_B00FXQD,A_B00FXQE,A_B00FXQF,A_B00FXQH,A_B00FXQI,A_B00FXQL,A_B00FXQO,A_B00FXQR,A_B00FXQV,A_B00FXQY,A_B00FXR2,A_B00FXR7,A_B00FXRA,A_B00FXRC,A_B00FXRD,A_B00FXRE,A_B00FXRG,A_B00FXRH,A_B00FXRI,A_B00FXRM,A_B00FXRS,A_B00FXRU,A_B00FXRV,A_B00FXRW,A_B00FXS0,A_B00FXS3,A_B00FXS5,A_B00FXS8,A_B00FXS9,A_B00FXSE,A_B00FXSG,A_B00FXSJ,A_B00FXSM,A_B00FXSN,A_B00FXSP,A_B00FXSQ,A_B00FXSV,A_B00FXSX,A_B00FXSY,A_B00FXSZ,A_B00FXT4,A_B00FXT8,A_B00FXTD,A_B00FXTH,A_B00FXTM,A_B00FXTN,A_B00FXTO,A_B00FXTR,A_B00FXTU,A_B00FXTV,A_B00FXTY,A_B00FXU1,A_B00FXU4,A_B00FXU7,A_B00FXUA,A_B00FXUB,A_B00FXUE,A_B00FXUL,A_B00FXYK,A_B00FZEQ,A_B00FZER,A_B00FZES,A_B00FZET,A_B00FZEU,A_B00FZEV,A_B00FZEW,A_B00FZEZ,A_B00FZF0,A_B00FZF2,A_B00FZF5,A_B00FZF6,A_B00FZFB,A_B00FZFD,A_B00FZFE,A_B00FZFG,A_B00FZFI,A_B00FZFL,A_B00FZFM,A_B00FZFN,A_B00FZFO,A_B00FZFP,A_B00FZFQ,A_B00FZFR,A_B00FZFS,A_B00FZFT,A_B00FZFU,A_B00FZFV,A_B00FZFW,A_B00FZFZ,A_B00FZG0,A_B00FZG1,A_B00FZG4,A_B00FZG6,A_B00FZG9,A_B00FZGD,A_B00FZGJ,A_B00FZGK,A_B00FZGL,A_B00FZGO,A_B00FZGP,A_B00FZGQ,A_B00FZGR,A_B00FZGS,A_B00FZGT,A_B00FZGV,A_B00FZGX,A_B00FZGZ,A_B00FZH0,A_B00FZH5,A_B00FZH6,A_B00FZH7,A_B00FZH8,A_B00FZH9,A_B00FZHE,A_B00FZHH,A_B00FZHX,A_B00FZHY,A_B00FZHZ,A_B00FZI0,A_B00FZI1,A_B00FZI2,A_B00FZI3,A_B00FZI4,A_B00FZI5,A_B00FZI6,A_B00FZI8,A_B00FZI9,A_B00FZIA,A_B00FZIC,A_B00FZID,A_B00FZIE,A_B00FZIF,A_B00FZII,A_B00FZIJ,A_B00FZIM,A_B00FZIN,A_B00FZIP,A_B00FZIQ,A_B00FZIR,A_B00FZIS,A_B00FZIT,A_B00FZIU,A_B00FZIV,A_B00FZIX,A_B00FZIY,A_B00FZIZ,A_B00FZJ0,A_B00FZJ1,A_B00FZJ2,A_B00FZJ3,A_B00FZJ4,A_B00FZJ8,A_B00FZJ9,A_B00FZJA,A_B00FZJB,A_B00FZJC,A_B00FZJD,A_B00FZJE,A_B00FZJF,A_B00FZJJ,A_B00FZJK,A_B00FZJN,A_B00FZJO,A_B00FZJP,A_B00FZJT,A_B00FZKQ,A_B00FZKR,A_B00FZKT,A_B00FZKW,A_B00FZKX,A_B00FZKY,A_B00FZKZ,A_B00FZL0,A_B00FZL1,A_B00FZL2,A_B00FZL6,A_B00FZL7,A_B00FZL8,A_B00FZL9,A_B00FZLA,A_B00FZLB,A_B00FZLC,A_B00FZLD,A_B00FZLE,A_B00FZLF,A_B00FZLG,A_B00FZLH,A_B00FZLI,A_B00FZLJ,A_B00FZLK,A_B00FZLL,A_B00FZLM,A_B00FZLN,A_B00FZLO,A_B00FZLQ,A_B00FZLR,A_B00FZLS,A_B00FZLU,A_B00FZLV,A_B00FZLW,A_B00FZLX,A_B00FZLY,A_B00FZM1,A_B00FZM4,A_B00FZM5,A_B00FZM6,A_B00FZM7,A_B00FZM8,A_B00FZM9,A_B00FZMA,A_B00FZMC,A_B00FZMD,A_B00FZME,A_B00FZMI,A_B00FZMJ,A_B00FZMM,A_B00FZMN,A_B00FZMO,A_B00FZMP,A_B00FZMQ,A_B00FZMT,A_B00FZMU,A_B00FZMX,A_B00FZN0,A_B00FZN1,A_B00FZN2,A_B00FZN4,A_B00FZN5,A_B00FZN6,A_B00FZN8,A_B00FZNA,A_B00FZND,A_B00FZNE,A_B00FZNG,A_B00G241,A_B00G242,A_B00G45T,A_B00G45U,A_B00G45W,A_B00G460,A_B00G462,A_B00G463,A_B00G464,A_B00G467,A_B00G468,A_B00G469,A_B00G46A,A_B00G46B,A_B00G46C,A_B00G46O,A_B00G46T,A_B00G46U,A_B00G46V,A_B00G46W,A_B00G46X,A_B00G46Z,A_B00G472,A_B00G475,A_B00G476,A_B00G477,A_B00G47H,A_B00G47K,A_B00G47L,A_B00G47M,A_B00G47R,A_B00G47S,A_B00G47T,A_B00G47U,A_B00G47X,A_B00G47Z,A_B00G480,A_B00G481,A_B00G482,A_B00G485,A_B00G486,A_B00G488,A_B00G489,A_B00G48B,A_B00G48C,A_B00G48D,A_B00G48E,A_B00G48H,A_B00G48I,A_B00G48J,A_B00G48K,A_B00G48M,A_B00G48P,A_B00G48Q,A_B00G48T,A_B00G48W,A_B00G49A,A_B00G49B,A_B00G49E,A_B00G49I,A_B00G49L,A_B00G49M,A_B00G49P,A_B00G49Q,A_B00G49S,A_B00G49U,A_B00G49V,A_B00G49X,A_B00G4A0,A_B00G4A2,A_B00G4A7,A_B00G4A9,A_B00G4AA,A_B00G4AB,A_B00G4AC,A_B00G4AD,A_B00G4AE,A_B00G4AG,A_B00G4AH,A_B00G4AI,A_B00G4AJ,A_B00G4AK,A_B00G4AL,A_B00G4AN,A_B00G4AO,A_B00G4AP,A_B00G4AQ,A_B00G4AR,A_B00G4AT,A_B00G4AU,A_B00G4AV,A_B00G4AZ,A_B00G4B1,A_B00G4B5,A_B00G4B6,A_B00G4B7,A_B00G4B8,A_B00G4B9,A_B00G4BC,A_B00G75U,A_B00G75V,A_B00G75Y,A_B00G75Z,A_B00G761,A_B00G765,A_B00G768,A_B00G769,A_B00G76C,A_B00G76H,A_B00G76I,A_B00G76R,A_B00G76U,A_B00G76W,A_B00G76Y,A_B00G771,A_B00G775,A_B00G776,A_B00G778,A_B00G77A,A_B00G77G,A_B00G77K,A_B00G77O,A_B00G77R,A_B00G77S,A_B00G77Z,A_B00G783,A_B00G788,A_B00G78B,A_B00G78E,A_B00G78F,A_B00G78I,A_B00G78L,A_B00G78O,A_B00G78S,A_B00G78V,A_B00G78Z,A_B00G790,A_B00G793,A_B00G794,A_B00G796,A_B00G797,A_B00G798,A_B00G799,A_B00G79C,A_B00G79G,A_B00G79H,A_B00G79J,A_B00G79K,A_B00G79L,A_B00G79P,A_B00G79S,A_B00G79T,A_B00G79V,A_B00G79W,A_B00G79X,A_B00G7A1,A_B00G7A6,A_B00G7A7,A_B00G7A8,A_B00G7A9,A_B00G7AB,A_B00G7AE,A_B00G7AF,A_B00G7AG,A_B00G7AH,A_B00G7AK,A_B00G7AL,A_B00G7AO,A_B00G7AP,A_B00G7AS,A_B00G7B1,A_B00G7B2,A_B00G7B5,A_B00G7B8,A_B00G7BC,A_B00G7BD,A_B00G7BG,A_B00G7BH,A_B00G7BI,A_B00G7BM,A_B00G7BN,A_B00G7BO,A_B00G7BR,A_B00G7BS,A_B00G7BU,A_B00G7BV,A_B00G7BX,A_B00G7BZ,A_B00G7C7,A_B00G7CB,A_B00G7CE,A_B00G7CI,A_B00G7CN,A_B00G7CO,A_B00G7CR,A_B00G7CU,A_B00G7CV,A_B00G7CY,A_B00G7CZ,A_B00G7D1,A_B00G7D6,A_B00G7D7,A_B00G7DC,A_B00G7DJ,A_B00G7DK,A_B00G7DL,A_B00G7DR,A_B00G7E1,A_B00GL81,A_B00GL84,A_B00GL87,A_B00GL8A,A_B00GL8D,A_B00GL8G,A_B00GL8H,A_B00GL8I,A_B00GL8L,A_B00GL8O,A_B00GL8Q,A_B00GL8R,A_B00GL8T,A_B00GL8U,A_B00GL8V,A_B00GL8W,A_B00GL8X,A_B00GL8Y,A_B00GL93,A_B00GL95,A_B00GL96,A_B00GL97,A_B00GL98,A_B00GL99,A_B00GL9A,A_B00GL9G,A_B00GL9H,A_B00GL9I,A_B00GL9J,A_B00GL9K,A_B00GL9M,A_B00GL9N,A_B00GL9P,A_B00GL9Q,A_B00GL9R,A_B00GL9S,A_B00GL9U,A_B00GL9X,A_B00GL9Z,A_B00GLA0,A_B00GLA1,A_B00GLA5,A_B00GLA6,A_B00GLAA,A_B00GLAH,A_B00GLAI,A_B00GLAN,A_B00GLAO,A_B00GRO2,A_B00GRO6,A_B00HWMS,A_B00HWMT,A_B00HWMU,A_B00HWMX,A_B00HWN0,A_B00HWN1,A_B00HWN3,A_B00HWN5,A_B00HWN8,A_B00HWN9,A_B00HWNA,A_B00HWND,A_B00HWNG,A_B00HWNK,A_B00HWNL,A_B00HWNM,A_B00HWNS,A_B00HWNT,A_B00HWNV,A_B00HWNW,A_B00HWNZ,A_B00HWO1,A_B00HWO2,A_B00HWO5,A_B00HWO8,A_B00HWO9,A_B00HWOA,A_B00HWOD,A_B00HWOE,A_B00HWOF,A_B00HWOG,A_B00HWOH,A_B00HWOI,A_B00HWOK,A_B00HWOL,A_B00HWOO,A_B00HWOR,A_B00HWOU,A_B00HWOX,A_B00HWP0,A_B00HWP3,A_B00HWP4,A_B00HWP5,A_B00HWP6,A_B00HWP7,A_B00HWP8,A_B00HWP9,A_B00HWPC,A_B00HWPD,A_B00HWPH,A_B00HWPK,A_B00HWPN,A_B00IQ6H,A_B00IQ6K,A_B00IQ6N,A_B00IQ6O,A_B00IQ6V,A_B00IQ6W,A_B00IQ70,A_B00IQ73,A_B00IQ77,A_B00IQ78,A_B00IQ79,A_B00IQ7A,A_B00IQ7C,A_B00IQ7D,A_B00IQ7J,A_B00IQ7K,A_B00IQ7P,A_B00IQ7S,A_BGI_1-2846,A_BGI_1-2847,A_BGI_5-13560,A_BGI_5-3378,A_BGI_5-3419,A_BGI_5-4041,A_BGI_5-4191,A_BGI_5-7601,A_BGI_5-7803,A_BGI_5-7970,A_BGI_5-9557,A_BGI_7002,A_BGI_7003,A_BGI_ABZ98,A_BGI_AFK45,A_BGI_AIR59,A_BGI_AMA32,A_BGI_ART33,A_BGI_ASE20,A_BGI_CORE-1768,A_BGI_CORE-7079,A_BGI_CSM-EF,A_BGI_PAM-10801,A_BGI_PAM-13186,A_BGI_PAM-3960,A_BGI_PAM-BEL,A_BGI_PAM-DIA,A_BGI_PAM-SOB,A_BGI_TAM-CS,A_BGI_TAM-GB,A_BGI_TAM-IS,A_BGI_TAM-ZS,I_B00GRO5,I_B00GRO7,I_B00GRO8,I_B00GRO9,I_B00GXRA,U_B001118,U_B00FXP6,U_B00FXP7,U_B00FXP9,U_B00FXPA,U_B00FXPC,U_B00FXPD,U_B00FXPE,U_B00FXPF,U_B00FXPI,U_B00FXPJ,U_B00FXPK,U_B00FXPM,U_B00FXPN,U_B00FXPO,U_B00FXPP,U_B00FXPR,U_B00FXPT,U_B00FXPX,U_B00FXQ1,U_B00FXQ2,U_B00FXQ3,U_B00FXQ5,U_B00FXQ7,U_B00FXQ8,U_B00FXQB,U_B00FXQJ,U_B00FXQK,U_B00FXQM,U_B00FXQN,U_B00FXQP,U_B00FXQQ,U_B00FXQS,U_B00FXQT,U_B00FXQU,U_B00FXQW,U_B00FXQX,U_B00FXQZ,U_B00FXR0,U_B00FXR1,U_B00FXR4,U_B00FXR5,U_B00FXR8,U_B00FXRB,U_B00FXRF,U_B00FXRJ,U_B00FXRK,U_B00FXRL,U_B00FXRP,U_B00FXRQ,U_B00FXRR,U_B00FXRT,U_B00FXRX,U_B00FXRY,U_B00FXRZ,U_B00FXS1,U_B00FXS2,U_B00FXS4,U_B00FXS6,U_B00FXS7,U_B00FXSA,U_B00FXSB,U_B00FXSC,U_B00FXSD,U_B00FXSF,U_B00FXSH,U_B00FXSI,U_B00FXSK,U_B00FXSL,U_B00FXSO,U_B00FXSR,U_B00FXSS,U_B00FXST,U_B00FXSU,U_B00FXSW,U_B00FXT0,U_B00FXT1,U_B00FXT2,U_B00FXT3,U_B00FXTB,U_B00FXTC,U_B00FXTI,U_B00FXTL,U_B00FXTP,U_B00FXTQ,U_B00FXTS,U_B00FXTX,U_B00FXTZ,U_B00FXU0,U_B00FXU2,U_B00FXU3,U_B00FXU5,U_B00FXU6,U_B00FXU8,U_B00FXU9,U_B00FXUC,U_B00FXUD,U_B00FXUF,U_B00FXUJ,U_B00FXUK,U_B00FZEX,U_B00FZEY,U_B00FZF1,U_B00FZF3,U_B00FZF4,U_B00FZF7,U_B00FZFJ,U_B00FZFK,U_B00FZFX,U_B00FZFY,U_B00FZG2,U_B00FZG3,U_B00FZG5,U_B00FZG7,U_B00FZG8,U_B00FZGH,U_B00FZGW,U_B00FZGY,U_B00FZH3,U_B00FZH4,U_B00FZHC,U_B00FZHD,U_B00FZHG,U_B00FZIG,U_B00FZIH,U_B00FZIL,U_B00FZIO,U_B00FZJ6,U_B00FZJ7,U_B00FZJL,U_B00FZJM,U_B00FZJQ,U_B00FZJR,U_B00FZJU,U_B00FZKS,U_B00FZKU,U_B00FZKV,U_B00FZL4,U_B00FZLP,U_B00FZM2,U_B00FZM3,U_B00FZMB,U_B00FZMF,U_B00FZMG,U_B00FZMH,U_B00FZMK,U_B00FZML,U_B00FZMR,U_B00FZMS,U_B00FZMV,U_B00FZMW,U_B00FZMY,U_B00FZN7,U_B00FZN9,U_B00FZNB,U_B00FZNC,U_B00FZNF,U_B00FZNH,U_B00G45V,U_B00G45X,U_B00G45Z,U_B00G461,U_B00G465,U_B00G466,U_B00G46D,U_B00G46E,U_B00G46F,U_B00G46G,U_B00G46H,U_B00G46I,U_B00G46J,U_B00G46K,U_B00G46L,U_B00G46M,U_B00G46N,U_B00G46P,U_B00G46Q,U_B00G46R,U_B00G46S,U_B00G46Y,U_B00G470,U_B00G471,U_B00G473,U_B00G474,U_B00G478,U_B00G479,U_B00G47C,U_B00G47D,U_B00G47E,U_B00G47F,U_B00G47G,U_B00G47I,U_B00G47J,U_B00G47N,U_B00G47P,U_B00G47Q,U_B00G47V,U_B00G47W,U_B00G47Y,U_B00G483,U_B00G484,U_B00G48A,U_B00G48F,U_B00G48G,U_B00G48N,U_B00G48O,U_B00G48R,U_B00G48S,U_B00G48U,U_B00G490,U_B00G493,U_B00G496,U_B00G497,U_B00G498,U_B00G49C,U_B00G49D,U_B00G49F,U_B00G49G,U_B00G49J,U_B00G49K,U_B00G49N,U_B00G49O,U_B00G49R,U_B00G4AM,U_B00G4AW,U_B00G4AX,U_B00G4B0,U_B00G4B2,U_B00G4BD,U_B00G75R,U_B00G75W,U_B00G75X,U_B00G760,U_B00G762,U_B00G763,U_B00G764,U_B00G766,U_B00G767,U_B00G76A,U_B00G76B,U_B00G76D,U_B00G76E,U_B00G76F,U_B00G76G,U_B00G76J,U_B00G76K,U_B00G76L,U_B00G76M,U_B00G76N,U_B00G76P,U_B00G76Q,U_B00G76S,U_B00G76T,U_B00G76V,U_B00G76X,U_B00G76Z,U_B00G770,U_B00G772,U_B00G773,U_B00G774,U_B00G777,U_B00G779,U_B00G77B,U_B00G77C,U_B00G77E,U_B00G77F,U_B00G77H,U_B00G77I,U_B00G77N,U_B00G77P,U_B00G77Q,U_B00G77T,U_B00G77U,U_B00G77V,U_B00G77W,U_B00G77X,U_B00G77Y,U_B00G780,U_B00G781,U_B00G784,U_B00G785,U_B00G786,U_B00G787,U_B00G789,U_B00G78A,U_B00G78C,U_B00G78D,U_B00G78G,U_B00G78H,U_B00G78J,U_B00G78K,U_B00G78M,U_B00G78P,U_B00G78Q,U_B00G78R,U_B00G78T,U_B00G78U,U_B00G78W,U_B00G78X,U_B00G78Y,U_B00G791,U_B00G792,U_B00G795,U_B00G79A,U_B00G79B,U_B00G79D,U_B00G79E,U_B00G79F,U_B00G79I,U_B00G79N,U_B00G79O,U_B00G79Q,U_B00G79R,U_B00G79Y,U_B00G79Z,U_B00G7A5,U_B00G7AC,U_B00G7AD,U_B00G7AI,U_B00G7AJ,U_B00G7AM,U_B00G7AN,U_B00G7AQ,U_B00G7AR,U_B00G7AU,U_B00G7AV,U_B00G7AX,U_B00G7AY,U_B00G7AZ,U_B00G7B0,U_B00G7B3,U_B00G7B4,U_B00G7B6,U_B00G7B7,U_B00G7B9,U_B00G7BA,U_B00G7BB,U_B00G7BE,U_B00G7BF,U_B00G7BJ,U_B00G7BK,U_B00G7BL,U_B00G7BP,U_B00G7BQ,U_B00G7BT,U_B00G7BW,U_B00G7BY,U_B00G7C5,U_B00G7C6,U_B00G7C8,U_B00G7C9,U_B00G7CA,U_B00G7CC,U_B00G7CD,U_B00G7CF,U_B00G7CG,U_B00G7CH,U_B00G7CL,U_B00G7CM,U_B00G7CP,U_B00G7CQ,U_B00G7CS,U_B00G7CT,U_B00G7CW,U_B00G7CX,U_B00G7D0,U_B00G7D2,U_B00G7D8,U_B00G7D9,U_B00G7DA,U_B00G7DB,U_B00G7DD,U_B00G7DE,U_B00G7DF,U_B00G7DM,U_B00G7DN,U_B00G7DP,U_B00G7DQ,U_B00GL80,U_B00GL82,U_B00GL83,U_B00GL85,U_B00GL86,U_B00GL88,U_B00GL89,U_B00GL8B,U_B00GL8C,U_B00GL8E,U_B00GL8F,U_B00GL8J,U_B00GL8K,U_B00GL8M,U_B00GL8N,U_B00GL8P,U_B00GL8S,U_B00GL8Z,U_B00GL90,U_B00GL91,U_B00GL92,U_B00GL94,U_B00GL9B,U_B00GL9C,U_B00GL9E,U_B00GL9F,U_B00GL9O,U_B00GL9V,U_B00GL9W,U_B00GLA2,U_B00GLA3,U_B00GLA4,U_B00GLA7,U_B00GLA8,U_B00GLAB,U_B00GLAC,U_B00GLAD,U_B00GLAF,U_B00GLAG,U_B00GLAJ,U_B00GLAL,U_B00GLAM,U_B00GLAP,U_B00GLAQ,U_B00GRNY,U_B00GRNZ,U_B00GRO0,U_B00GRO1,U_B00GRO3,U_B00GRO4,U_B00HWMV,U_B00HWMW,U_B00HWMY,U_B00HWMZ,U_B00HWN2,U_B00HWN4,U_B00HWN6,U_B00HWN7,U_B00HWNB,U_B00HWNC,U_B00HWNE,U_B00HWNF,U_B00HWNH,U_B00HWNI,U_B00HWNN,U_B00HWNO,U_B00HWNQ,U_B00HWNR,U_B00HWNU,U_B00HWNX,U_B00HWNY,U_B00HWO0,U_B00HWO3,U_B00HWO4,U_B00HWO6,U_B00HWO7,U_B00HWOB,U_B00HWOC,U_B00HWOJ,U_B00HWOM,U_B00HWON,U_B00HWOP,U_B00HWOQ,U_B00HWOS,U_B00HWOT,U_B00HWOV,U_B00HWOW,U_B00HWOY,U_B00HWOZ,U_B00HWP1,U_B00HWP2,U_B00HWPA,U_B00HWPB,U_B00HWPE,U_B00HWPF,U_B00HWPG,U_B00HWPI,U_B00HWPJ,U_B00HWPL,U_B00IQ6I,U_B00IQ6J,U_B00IQ6L,U_B00IQ6M,U_B00IQ6P,U_B00IQ6Q,U_B00IQ6Y,U_B00IQ6Z,U_B00IQ71,U_B00IQ72,U_B00IQ75,U_B00IQ76,U_B00IQ7B,U_B00IQ7E,U_B00IQ7F,U_B00IQ7M,U_B00IQ7N,U_B00IQ7O,U_B00IQ7R,U_B00IQ7T,U_B00IQ7U,U_BGI_1-2845,U_BGI_1-29362,U_BGI_5-12408,U_BGI_5-12409,U_BGI_5-13561,U_BGI_5-3377,U_BGI_5-3389,U_BGI_5-3417,U_BGI_5-3418,U_BGI_5-4189,U_BGI_5-7345,U_BGI_5-7418,U_BGI_5-7801,U_BGI_5-7802,U_BGI_5-8471,U_BGI_7087,U_BGI_AIR58,U_BGI_AIR60,U_BGI_APM71,U_BGI_APM72,U_BGI_CSM-AG,U_BGI_CSM-MF,U_BGI_TAM-OS,
1_229568243_C_CGGCGGG	1	0	1	0	0	0	.	2	9	7	6	4	intron_variant	MODIFIER		A_B00G7DR,U_B00G7DP,
1_229568267_G_A	1	0	3	1	0	0	rs569112604	5	12	11	4	2	intron_variant	MODIFIER		A_B00GL8Y,U_B00FXPI,U_B00FXPK,U_B00FXU8,U_B00G498,
1_229568288_G_A	1	0	1	0	0	0	rs201388631	2	14	6	10	5	intron_variant	MODIFIER		A_B00GL9X,U_B00GL9W,
1_229568304_G_T	3	0	3	0	0	0	rs76030344	6	28	19	11	5	splice_region_variant&synonymous_variant	LOW	p.Thr151Thr	A_B00FZN0,A_B00GL9X,A_BGI_5-2552,U_B00FZG3,U_B00FZMY,U_B00GL9W,
1_229568316_G_A	0	0	1	0	0	0	.	1	16	9	16	9	synonymous_variant	LOW	p.Ser147Ser	U_B00G49D,
1_229568317_G_A	2	0	1	0	0	0	.	2	35	21	25	4	missense_variant	MODERATE	p.Ser147Phe	A_B00IQ6N,A_B00IQ6O,U_B00IQ6Q,
1_229568320_G_A	1	0	0	0	0	0	.	1	20	9	20	9	missense_variant	MODERATE	p.Ala146Val	A_B00FZIC,
1_229568411_C_G	1	0	0	0	0	0	.	1	54	6	54	6	missense_variant	MODERATE	p.Ala116Pro	A_B00G46O,
1_229568474_C_T	1	0	0	0	0	0	.	1	39	25	39	25	missense_variant	MODERATE	p.Glu95Lys	A_B00FZH5,
1_229568537_C_G	1	0	0	0	0	0	rs727503798	1	63	29	63	29	missense_variant	MODERATE	p.Glu74Gln	A_B00GL9G,
1_229568554_G_T	1	0	0	0	0	0	.	1	140	63	140	63	missense_variant	MODERATE	p.Thr68Asn	A_B00FZFS,
1_229568632_A_G	238	37	175	29	2	2	rs11803533	483	393	287	22	7	splice_region_variant&intron_variant	LOW		A_B00FXPQ,A_B00FXPY,A_B00FXPZ,A_B00FXQ0,A_B00FXQ6,A_B00FXQ9,A_B00FXQF,A_B00FXQI,A_B00FXQO,A_B00FXQY,A_B00FXR2,A_B00FXRU,A_B00FXRV,A_B00FXRW,A_B00FXS0,A_B00FXSE,A_B00FXT4,A_B00FXT8,A_B00FXTN,A_B00FXTU,A_B00FXTV,A_B00FXTY,A_B00FXU1,A_B00FXU4,A_B00FXYK,A_B00FZEQ,A_B00FZER,A_B00FZEZ,A_B00FZF0,A_B00FZF5,A_B00FZF6,A_B00FZFC,A_B00FZFD,A_B00FZFE,A_B00FZFN,A_B00FZFR,A_B00FZFS,A_B00FZFT,A_B00FZFU,A_B00FZFV,A_B00FZG4,A_B00FZG6,A_B00FZGD,A_B00FZGK,A_B00FZGO,A_B00FZGP,A_B00FZGQ,A_B00FZGR,A_B00FZGS,A_B00FZGX,A_B00FZH0,A_B00FZH2,A_B00FZH8,A_B00FZH9,A_B00FZHH,A_B00FZHX,A_B00FZI1,A_B00FZI3,A_B00FZI4,A_B00FZI6,A_B00FZIF,A_B00FZII,A_B00FZIJ,A_B00FZIM,A_B00FZIP,A_B00FZIR,A_B00FZIT,A_B00FZJ1,A_B00FZJ2,A_B00FZJ3,A_B00FZJA,A_B00FZJB,A_B00FZJC,A_B00FZJF,A_B00FZJK,A_B00FZJN,A_B00FZJO,A_B00FZJP,A_B00FZJS,A_B00FZKQ,A_B00FZKR,A_B00FZL0,A_B00FZL1,A_B00FZLB,A_B00FZLD,A_B00FZLG,A_B00FZLH,A_B00FZLI,A_B00FZLJ,A_B00FZLN,A_B00FZLS,A_B00FZLU,A_B00FZLX,A_B00FZM4,A_B00FZM5,A_B00FZM6,A_B00FZMA,A_B00FZMC,A_B00FZMJ,A_B00FZMM,A_B00FZMP,A_B00FZMX,A_B00FZN0,A_B00FZN1,A_B00FZN5,A_B00FZN8,A_B00FZNA,A_B00G462,A_B00G463,A_B00G467,A_B00G468,A_B00G469,A_B00G46A,A_B00G46B,A_B00G46C,A_B00G46O,A_B00G46V,A_B00G46W,A_B00G476,A_B00G47K,A_B00G47O,A_B00G47U,A_B00G47X,A_B00G488,A_B00G48B,A_B00G48C,A_B00G48E,A_B00G48P,A_B00G491,A_B00G49A,A_B00G49B,A_B00G49I,A_B00G49L,A_B00G49M,A_B00G49P,A_B00G49Q,A_B00G49S,A_B00G49V,A_B00G4A0,A_B00G4A7,A_B00G4AG,A_B00G4AH,A_B00G4AJ,A_B00G4AK,A_B00G4AL,A_B00G4AO,A_B00G4AQ,A_B00G4AR,A_B00G4AT,A_B00G4AU,A_B00G4B1,A_B00G4B5,A_B00G4B6,A_B00G75Y,A_B00G75Z,A_B00G761,A_B00G768,A_B00G76I,A_B00G76R,A_B00G76U,A_B00G76Y,A_B00G77D,A_B00G77Z,A_B00G783,A_B00G78E,A_B00G78F,A_B00G78I,A_B00G78L,A_B00G78O,A_B00G794,A_B00G796,A_B00G797,A_B00G798,A_B00G799,A_B00G79G,A_B00G79H,A_B00G79J,A_B00G79L,A_B00G79P,A_B00G7A7,A_B00G7A9,A_B00G7AB,A_B00G7AG,A_B00G7AK,A_B00G7AL,A_B00G7AO,A_B00G7AP,A_B00G7B1,A_B00G7B2,A_B00G7B5,A_B00G7B8,A_B00G7BD,A_B00G7BH,A_B00G7BI,A_B00G7BM,A_B00G7BN,A_B00G7BO,A_B00G7BR,A_B00G7BS,A_B00G7CB,A_B00G7CE,A_B00G7CI,A_B00G7CN,A_B00G7CV,A_B00G7CY,A_B00G7D6,A_B00G7D7,A_B00G7DR,A_B00GL87,A_B00GL8D,A_B00GL8H,A_B00GL8I,A_B00GL8L,A_B00GL8O,A_B00GL8Q,A_B00GL8V,A_B00GL8W,A_B00GL96,A_B00GL98,A_B00GL99,A_B00GL9A,A_B00GL9G,A_B00GL9H,A_B00GL9I,A_B00GL9J,A_B00GL9M,A_B00GL9P,A_B00GL9Q,A_B00GL9S,A_B00GL9X,A_B00GL9Z,A_B00GLA0,A_B00GLAH,A_B00GLAO,A_B00HWMU,A_B00HWN9,A_B00HWNA,A_B00HWND,A_B00HWNG,A_B00HWNZ,A_B00HWO8,A_B00HWOA,A_B00HWOD,A_B00HWOE,A_B00HWOH,A_B00HWOO,A_B00HWOU,A_B00HWP0,A_B00HWP4,A_B00HWP9,A_B00HWPD,A_B00HWPK,A_B00IQ6K,A_B00IQ73,A_B00IQ78,A_B00IQ79,A_BGI_5-2552,A_BGI_5-3419,A_BGI_5-4191,A_BGI_5-7346,A_BGI_5-9557,A_BGI_7002,A_BGI_7003,A_BGI_ART33,A_BGI_CNM-Balo,A_BGI_CSM-EF,A_BGI_CSM-NF,A_BGI_PAM-10801,A_BGI_PAM-12789,A_BGI_PAM-13186,A_BGI_PAM-7237,A_BGI_PAM-DIA,A_BGI_PAM-SOB,A_BGI_TAM-DS,A_BGI_TAM-IS,I_B00GRO5,I_B00GRO7,I_B00GRO9,I_B00GXRA,U_B00FXP6,U_B00FXPA,U_B00FXPJ,U_B00FXPN,U_B00FXPO,U_B00FXQ1,U_B00FXQ2,U_B00FXQ3,U_B00FXQ5,U_B00FXQ8,U_B00FXQM,U_B00FXQP,U_B00FXQW,U_B00FXQX,U_B00FXR0,U_B00FXR1,U_B00FXRB,U_B00FXRX,U_B00FXRY,U_B00FXS1,U_B00FXS7,U_B00FXST,U_B00FXSU,U_B00FXT2,U_B00FXTB,U_B00FXTC,U_B00FXTQ,U_B00FXTW,U_B00FXU0,U_B00FXU5,U_B00FXU6,U_B00FXUC,U_B00FXUF,U_B00FZF4,U_B00FZG3,U_B00FZG5,U_B00FZGW,U_B00FZHG,U_B00FZIG,U_B00FZIL,U_B00FZIO,U_B00FZJM,U_B00FZJQ,U_B00FZJR,U_B00FZMG,U_B00FZMH,U_B00FZMK,U_B00FZMY,U_B00FZNB,U_B00FZNC,U_B00G465,U_B00G466,U_B00G46F,U_B00G46G,U_B00G46I,U_B00G46M,U_B00G46N,U_B00G46R,U_B00G46S,U_B00G470,U_B00G47C,U_B00G47D,U_B00G47I,U_B00G47J,U_B00G47N,U_B00G47P,U_B00G47Q,U_B00G47V,U_B00G47W,U_B00G47Y,U_B00G48A,U_B00G48F,U_B00G48G,U_B00G48O,U_B00G48R,U_B00G496,U_B00G497,U_B00G498,U_B00G49D,U_B00G49G,U_B00G49J,U_B00G49O,U_B00G4AW,U_B00G4AX,U_B00G4B0,U_B00G4B2,U_B00G4BD,U_B00G75W,U_B00G767,U_B00G76E,U_B00G76K,U_B00G76L,U_B00G76M,U_B00G76P,U_B00G76S,U_B00G76V,U_B00G76X,U_B00G76Z,U_B00G77E,U_B00G77T,U_B00G77V,U_B00G77W,U_B00G77X,U_B00G77Y,U_B00G780,U_B00G781,U_B00G782,U_B00G78C,U_B00G78G,U_B00G78J,U_B00G78M,U_B00G78T,U_B00G79A,U_B00G79N,U_B00G79O,U_B00G7A5,U_B00G7AC,U_B00G7AI,U_B00G7AJ,U_B00G7AN,U_B00G7AQ,U_B00G7AR,U_B00G7B0,U_B00G7B3,U_B00G7B4,U_B00G7B6,U_B00G7B9,U_B00G7BJ,U_B00G7BK,U_B00G7BL,U_B00G7BP,U_B00G7BQ,U_B00G7BT,U_B00G7C8,U_B00G7C9,U_B00G7CA,U_B00G7CD,U_B00G7CF,U_B00G7CH,U_B00G7CL,U_B00G7CT,U_B00G7D9,U_B00G7DA,U_B00G7DF,U_B00G7DP,U_B00GL86,U_B00GL88,U_B00GL8B,U_B00GL8C,U_B00GL8K,U_B00GL8M,U_B00GL8N,U_B00GL9B,U_B00GL9C,U_B00GL9E,U_B00GL9F,U_B00GL9O,U_B00GL9W,U_B00GLA2,U_B00GLAD,U_B00GLAF,U_B00GLAJ,U_B00GLAL,U_B00GLAP,U_B00GLAQ,U_B00GRO3,U_B00HWMV,U_B00HWNB,U_B00HWNF,U_B00HWNH,U_B00HWNQ,U_B00HWNY,U_B00HWO6,U_B00HWO7,U_B00HWOB,U_B00HWOC,U_B00HWOM,U_B00HWOP,U_B00HWOS,U_B00HWOT,U_B00HWOW,U_B00HWOY,U_B00HWP2,U_B00HWPA,U_B00HWPB,U_B00HWPE,U_B00HWPG,U_B00HWPL,U_B00IQ6I,U_B00IQ6L,U_B00IQ6M,U_B00IQ6Q,U_B00IQ76,U_B00IQ7B,U_B00IQ7F,U_B00IQ7T,U_B00IQ7U,U_BGI_1-2845,U_BGI_5-3417,U_BGI_5-3418,U_BGI_5-4189,U_BGI_5-7418,U_BGI_APM72,U_BGI_CSM-MF,
1_229568637_C_G	240	25	171	21	2	2	rs41271481	461	392	291	20	7	intron_variant	MODIFIER		A_B00FXPQ,A_B00FXPY,A_B00FXPZ,A_B00FXQ0,A_B00FXQ6,A_B00FXQ9,A_B00FXQF,A_B00FXQI,A_B00FXQO,A_B00FXQY,A_B00FXR2,A_B00FXRU,A_B00FXRV,A_B00FXRW,A_B00FXS0,A_B00FXSE,A_B00FXT4,A_B00FXT8,A_B00FXTN,A_B00FXTU,A_B00FXTV,A_B00FXTY,A_B00FXU1,A_B00FXU4,A_B00FXYK,A_B00FZEQ,A_B00FZER,A_B00FZEZ,A_B00FZF0,A_B00FZF5,A_B00FZF6,A_B00FZFC,A_B00FZFD,A_B00FZFE,A_B00FZFN,A_B00FZFR,A_B00FZFS,A_B00FZFT,A_B00FZFU,A_B00FZFV,A_B00FZG4,A_B00FZG6,A_B00FZGD,A_B00FZGP,A_B00FZGQ,A_B00FZGR,A_B00FZGS,A_B00FZGX,A_B00FZH0,A_B00FZH2,A_B00FZH8,A_B00FZH9,A_B00FZHH,A_B00FZHX,A_B00FZI1,A_B00FZI3,A_B00FZI4,A_B00FZI6,A_B00FZIF,A_B00FZII,A_B00FZIJ,A_B00FZIM,A_B00FZIP,A_B00FZIR,A_B00FZIT,A_B00FZJ1,A_B00FZJ2,A_B00FZJ3,A_B00FZJA,A_B00FZJB,A_B00FZJC,A_B00FZJF,A_B00FZJK,A_B00FZJN,A_B00FZJO,A_B00FZJP,A_B00FZJS,A_B00FZKQ,A_B00FZKR,A_B00FZL0,A_B00FZL1,A_B00FZLB,A_B00FZLG,A_B00FZLH,A_B00FZLJ,A_B00FZLN,A_B00FZLS,A_B00FZLU,A_B00FZLX,A_B00FZM4,A_B00FZM5,A_B00FZM6,A_B00FZMA,A_B00FZMC,A_B00FZMJ,A_B00FZMM,A_B00FZMP,A_B00FZMX,A_B00FZN1,A_B00FZN5,A_B00FZN8,A_B00FZNA,A_B00G462,A_B00G463,A_B00G467,A_B00G468,A_B00G469,A_B00G46A,A_B00G46B,A_B00G46C,A_B00G46O,A_B00G46V,A_B00G46W,A_B00G476,A_B00G47K,A_B00G47O,A_B00G47U,A_B00G47X,A_B00G488,A_B00G48B,A_B00G48C,A_B00G48E,A_B00G48P,A_B00G491,A_B00G49A,A_B00G49B,A_B00G49I,A_B00G49L,A_B00G49M,A_B00G49P,A_B00G49Q,A_B00G49S,A_B00G49V,A_B00G4A0,A_B00G4A7,A_B00G4AG,A_B00G4AH,A_B00G4AJ,A_B00G4AK,A_B00G4AL,A_B00G4AO,A_B00G4AQ,A_B00G4AR,A_B00G4AT,A_B00G4AU,A_B00G4B1,A_B00G4B5,A_B00G4B6,A_B00G75Y,A_B00G75Z,A_B00G761,A_B00G768,A_B00G76I,A_B00G76R,A_B00G76U,A_B00G76Y,A_B00G77D,A_B00G77Z,A_B00G783,A_B00G78E,A_B00G78F,A_B00G78I,A_B00G78L,A_B00G78O,A_B00G794,A_B00G796,A_B00G797,A_B00G798,A_B00G799,A_B00G79G,A_B00G79H,A_B00G79J,A_B00G79L,A_B00G7A7,A_B00G7A9,A_B00G7AB,A_B00G7AG,A_B00G7AK,A_B00G7AL,A_B00G7AO,A_B00G7AP,A_B00G7B1,A_B00G7B2,A_B00G7B5,A_B00G7B8,A_B00G7BD,A_B00G7BH,A_B00G7BI,A_B00G7BM,A_B00G7BN,A_B00G7BO,A_B00G7BR,A_B00G7BS,A_B00G7CE,A_B00G7CI,A_B00G7CN,A_B00G7CV,A_B00G7CY,A_B00G7D6,A_B00G7D7,A_B00G7DR,A_B00GL87,A_B00GL8D,A_B00GL8H,A_B00GL8I,A_B00GL8L,A_B00GL8O,A_B00GL8Q,A_B00GL8V,A_B00GL8W,A_B00GL96,A_B00GL98,A_B00GL99,A_B00GL9A,A_B00GL9G,A_B00GL9H,A_B00GL9I,A_B00GL9J,A_B00GL9M,A_B00GL9P,A_B00GL9Q,A_B00GL9S,A_B00GL9Z,A_B00GLA0,A_B00GLAH,A_B00GLAO,A_B00HWMU,A_B00HWN9,A_B00HWNA,A_B00HWND,A_B00HWNG,A_B00HWNZ,A_B00HWO8,A_B00HWOA,A_B00HWOD,A_B00HWOE,A_B00HWOH,A_B00HWOO,A_B00HWOU,A_B00HWP0,A_B00HWP4,A_B00HWP9,A_B00HWPD,A_B00HWPK,A_B00IQ6K,A_B00IQ73,A_B00IQ78,A_B00IQ79,A_BGI_5-3419,A_BGI_5-4191,A_BGI_5-7346,A_BGI_5-9557,A_BGI_7002,A_BGI_7003,A_BGI_ART33,A_BGI_CNM-Balo,A_BGI_CSM-EF,A_BGI_CSM-NF,A_BGI_PAM-10801,A_BGI_PAM-12789,A_BGI_PAM-13186,A_BGI_PAM-DIA,A_BGI_PAM-SOB,A_BGI_TAM-DS,A_BGI_TAM-IS,I_B00GRO5,I_B00GRO7,I_B00GRO9,I_B00GXRA,U_B00FXP6,U_B00FXPJ,U_B00FXPN,U_B00FXPO,U_B00FXQ1,U_B00FXQ2,U_B00FXQ3,U_B00FXQ5,U_B00FXQ8,U_B00FXQM,U_B00FXQP,U_B00FXQW,U_B00FXQX,U_B00FXR0,U_B00FXR1,U_B00FXRB,U_B00FXRX,U_B00FXRY,U_B00FXS1,U_B00FXS7,U_B00FXST,U_B00FXSU,U_B00FXT2,U_B00FXTC,U_B00FXTQ,U_B00FXTW,U_B00FXU0,U_B00FXU5,U_B00FXU6,U_B00FXUC,U_B00FZF4,U_B00FZG5,U_B00FZGW,U_B00FZHG,U_B00FZIG,U_B00FZIL,U_B00FZIO,U_B00FZJM,U_B00FZJQ,U_B00FZJR,U_B00FZMG,U_B00FZMH,U_B00FZMK,U_B00FZMY,U_B00FZNB,U_B00FZNC,U_B00G465,U_B00G466,U_B00G46F,U_B00G46G,U_B00G46I,U_B00G46M,U_B00G46N,U_B00G46R,U_B00G46S,U_B00G470,U_B00G47C,U_B00G47D,U_B00G47I,U_B00G47J,U_B00G47N,U_B00G47P,U_B00G47Q,U_B00G47V,U_B00G47W,U_B00G47Y,U_B00G48A,U_B00G48F,U_B00G48G,U_B00G48R,U_B00G496,U_B00G497,U_B00G498,U_B00G49D,U_B00G49G,U_B00G49J,U_B00G49O,U_B00G4AW,U_B00G4AX,U_B00G4B0,U_B00G4B2,U_B00G4BD,U_B00G75W,U_B00G767,U_B00G76E,U_B00G76K,U_B00G76L,U_B00G76M,U_B00G76P,U_B00G76S,U_B00G76V,U_B00G76X,U_B00G76Z,U_B00G77E,U_B00G77T,U_B00G77V,U_B00G77W,U_B00G77X,U_B00G77Y,U_B00G780,U_B00G781,U_B00G782,U_B00G78C,U_B00G78G,U_B00G78J,U_B00G78M,U_B00G78T,U_B00G79A,U_B00G79N,U_B00G7A5,U_B00G7AC,U_B00G7AI,U_B00G7AJ,U_B00G7AN,U_B00G7AQ,U_B00G7AR,U_B00G7B0,U_B00G7B3,U_B00G7B4,U_B00G7B6,U_B00G7B9,U_B00G7BJ,U_B00G7BK,U_B00G7BL,U_B00G7BP,U_B00G7BQ,U_B00G7BT,U_B00G7CD,U_B00G7CF,U_B00G7CH,U_B00G7CL,U_B00G7CT,U_B00G7D9,U_B00G7DA,U_B00G7DF,U_B00G7DP,U_B00GL86,U_B00GL88,U_B00GL8B,U_B00GL8C,U_B00GL8K,U_B00GL8M,U_B00GL8N,U_B00GL9B,U_B00GL9C,U_B00GL9E,U_B00GL9F,U_B00GL9O,U_B00GLA2,U_B00GLAF,U_B00GLAJ,U_B00GLAL,U_B00GLAP,U_B00GLAQ,U_B00GRO3,U_B00HWMV,U_B00HWNB,U_B00HWNF,U_B00HWNH,U_B00HWNQ,U_B00HWNY,U_B00HWO6,U_B00HWO7,U_B00HWOB,U_B00HWOC,U_B00HWOM,U_B00HWOP,U_B00HWOS,U_B00HWOT,U_B00HWOW,U_B00HWOY,U_B00HWP2,U_B00HWPA,U_B00HWPB,U_B00HWPE,U_B00HWPG,U_B00HWPL,U_B00IQ6I,U_B00IQ6L,U_B00IQ6M,U_B00IQ6Q,U_B00IQ76,U_B00IQ7B,U_B00IQ7F,U_B00IQ7T,U_B00IQ7U,U_BGI_1-2845,U_BGI_5-3418,U_BGI_5-4189,U_BGI_5-7418,U_BGI_APM72,U_BGI_CSM-MF,
1_229568690_G_A	0	0	1	0	0	0	.	1	124	65	124	65	intron_variant	MODIFIER		U_B00HWOT,
1_229568703_G_T	20	0	19	0	0	0	rs144658220	39	200	105	19	11	intron_variant	MODIFIER		A_B00FXQO,A_B00FZFC,A_B00FZFS,A_B00FZGQ,A_B00FZGS,A_B00G49I,A_B00G49L,A_B00G49M,A_B00G4AQ,A_B00G4B1,A_B00G798,A_B00G7AK,A_B00G7AL,A_B00G7B8,A_B00GL9A,A_B00GL9Z,A_B00HWND,A_B00HWNG,A_BGI_5-4191,A_BGI_5-9557,U_B00FXQM,U_B00G497,U_B00G49J,U_B00G49O,U_B00G4AX,U_B00G7AI,U_B00G7AJ,U_B00G7AR,U_B00G7B6,U_B00GL9B,U_B00GL9C,U_B00GL9E,U_B00GL9F,U_B00GLA2,U_B00HWNB,U_B00HWNF,U_B00HWO7,U_B00IQ6Q,U_BGI_5-4189,
1_229568714_C_G	1	0	1	0	0	0	.	2	35	16	25	8	intron_variant	MODIFIER		A_BGI_AIR59,U_BGI_AIR60,
1_229568718_G_A	3	0	3	0	0	0	rs148084911	6	119	65	27	9	intron_variant	MODIFIER		A_B00FXRW,A_B00G4AT,A_BGI_5-3419,U_B00FXRX,U_B00G7B4,U_BGI_5-3418,
1_229568833_G_A	0	0	2	0	0	0	.	2	86	40	73	36	synonymous_variant	LOW	p.Leu10Leu	U_B00G763,U_B00G764,
1_229568915_G_C	2	0	1	0	0	0	rs202008730	3	63	36	31	14	intron_variant	MODIFIER		A_B00GL95,A_BGI_5-3378,U_BGI_5-3389,
1_229568934_AG_A	235	37	174	31	2	2	rs57214022	481	106	75	7	3	intron_variant	MODIFIER		A_B00FXPQ,A_B00FXPY,A_B00FXPZ,A_B00FXQ0,A_B00FXQ6,A_B00FXQ9,A_B00FXQF,A_B00FXQI,A_B00FXQO,A_B00FXQY,A_B00FXR2,A_B00FXRU,A_B00FXRV,A_B00FXRW,A_B00FXS0,A_B00FXSE,A_B00FXT4,A_B00FXT8,A_B00FXTN,A_B00FXTU,A_B00FXTV,A_B00FXTY,A_B00FXU1,A_B00FXU4,A_B00FXUE,A_B00FXYK,A_B00FZEQ,A_B00FZER,A_B00FZEZ,A_B00FZF0,A_B00FZF5,A_B00FZF6,A_B00FZFC,A_B00FZFD,A_B00FZFE,A_B00FZFN,A_B00FZFR,A_B00FZFS,A_B00FZFT,A_B00FZFU,A_B00FZFV,A_B00FZG4,A_B00FZG6,A_B00FZGD,A_B00FZGK,A_B00FZGO,A_B00FZGP,A_B00FZGQ,A_B00FZGR,A_B00FZGS,A_B00FZGX,A_B00FZH0,A_B00FZH2,A_B00FZH8,A_B00FZH9,A_B00FZHH,A_B00FZHX,A_B00FZI1,A_B00FZI3,A_B00FZI4,A_B00FZI6,A_B00FZIF,A_B00FZII,A_B00FZIJ,A_B00FZIM,A_B00FZIP,A_B00FZIR,A_B00FZIT,A_B00FZJ1,A_B00FZJ2,A_B00FZJ3,A_B00FZJA,A_B00FZJB,A_B00FZJC,A_B00FZJF,A_B00FZJK,A_B00FZJN,A_B00FZJO,A_B00FZJP,A_B00FZJS,A_B00FZKQ,A_B00FZKR,A_B00FZL0,A_B00FZL1,A_B00FZLB,A_B00FZLD,A_B00FZLG,A_B00FZLH,A_B00FZLI,A_B00FZLJ,A_B00FZLN,A_B00FZLS,A_B00FZLU,A_B00FZLX,A_B00FZM4,A_B00FZM5,A_B00FZM6,A_B00FZMA,A_B00FZMC,A_B00FZMJ,A_B00FZMM,A_B00FZMP,A_B00FZMX,A_B00FZN0,A_B00FZN1,A_B00FZN5,A_B00FZN8,A_B00FZNA,A_B00G462,A_B00G463,A_B00G467,A_B00G468,A_B00G469,A_B00G46A,A_B00G46B,A_B00G46C,A_B00G46O,A_B00G46V,A_B00G46W,A_B00G476,A_B00G47K,A_B00G47O,A_B00G47U,A_B00G47X,A_B00G488,A_B00G48B,A_B00G48C,A_B00G48E,A_B00G48P,A_B00G49A,A_B00G49B,A_B00G49I,A_B00G49L,A_B00G49M,A_B00G49P,A_B00G49Q,A_B00G49S,A_B00G49V,A_B00G4A0,A_B00G4A7,A_B00G4AG,A_B00G4AH,A_B00G4AK,A_B00G4AL,A_B00G4AO,A_B00G4AQ,A_B00G4AR,A_B00G4AT,A_B00G4AU,A_B00G4B1,A_B00G4B5,A_B00G4B6,A_B00G75Y,A_B00G75Z,A_B00G761,A_B00G768,A_B00G76I,A_B00G76R,A_B00G76U,A_B00G76Y,A_B00G77D,A_B00G77Z,A_B00G783,A_B00G78E,A_B00G78F,A_B00G78I,A_B00G78L,A_B00G78O,A_B00G794,A_B00G796,A_B00G797,A_B00G798,A_B00G799,A_B00G79G,A_B00G79H,A_B00G79J,A_B00G79L,A_B00G79P,A_B00G7A7,A_B00G7A9,A_B00G7AB,A_B00G7AG,A_B00G7AK,A_B00G7AL,A_B00G7AO,A_B00G7AP,A_B00G7B1,A_B00G7B2,A_B00G7B5,A_B00G7B8,A_B00G7BD,A_B00G7BH,A_B00G7BI,A_B00G7BM,A_B00G7BN,A_B00G7BO,A_B00G7BR,A_B00G7BS,A_B00G7CB,A_B00G7CE,A_B00G7CI,A_B00G7CN,A_B00G7CV,A_B00G7CY,A_B00G7D6,A_B00G7D7,A_B00G7DR,A_B00GL87,A_B00GL8D,A_B00GL8H,A_B00GL8I,A_B00GL8L,A_B00GL8O,A_B00GL8Q,A_B00GL8V,A_B00GL8W,A_B00GL96,A_B00GL98,A_B00GL9A,A_B00GL9G,A_B00GL9H,A_B00GL9I,A_B00GL9J,A_B00GL9M,A_B00GL9P,A_B00GL9Q,A_B00GL9S,A_B00GL9X,A_B00GL9Z,A_B00GLA0,A_B00GLAH,A_B00GLAO,A_B00HWN9,A_B00HWNA,A_B00HWND,A_B00HWNG,A_B00HWNZ,A_B00HWO8,A_B00HWOA,A_B00HWOD,A_B00HWOE,A_B00HWOH,A_B00HWOO,A_B00HWOU,A_B00HWP0,A_B00HWP4,A_B00HWP9,A_B00HWPD,A_B00HWPK,A_B00IQ6K,A_B00IQ73,A_B00IQ78,A_B00IQ79,A_BGI_5-2552,A_BGI_5-3419,A_BGI_5-4191,A_BGI_5-7346,A_BGI_5-9557,A_BGI_7002,A_BGI_7003,A_BGI_ART33,A_BGI_CNM-Balo,A_BGI_CSM-EF,A_BGI_CSM-NF,A_BGI_PAM-10801,A_BGI_PAM-12789,A_BGI_PAM-13186,A_BGI_PAM-7237,A_BGI_PAM-DIA,A_BGI_PAM-SOB,A_BGI_TAM-DS,A_BGI_TAM-IS,I_B00GRO5,I_B00GRO7,I_B00GRO9,I_B00GXRA,U_B00FXP6,U_B00FXPA,U_B00FXPJ,U_B00FXPN,U_B00FXPO,U_B00FXQ1,U_B00FXQ2,U_B00FXQ3,U_B00FXQ5,U_B00FXQ8,U_B00FXQM,U_B00FXQP,U_B00FXQW,U_B00FXQX,U_B00FXR0,U_B00FXR1,U_B00FXRB,U_B00FXRX,U_B00FXRY,U_B00FXS1,U_B00FXS7,U_B00FXST,U_B00FXSU,U_B00FXT2,U_B00FXTB,U_B00FXTC,U_B00FXTW,U_B00FXU0,U_B00FXU5,U_B00FXU6,U_B00FXUC,U_B00FXUF,U_B00FZF4,U_B00FZG3,U_B00FZG5,U_B00FZGW,U_B00FZHG,U_B00FZIG,U_B00FZIL,U_B00FZIO,U_B00FZJM,U_B00FZJQ,U_B00FZJR,U_B00FZMG,U_B00FZMH,U_B00FZMK,U_B00FZMY,U_B00FZNB,U_B00FZNC,U_B00G465,U_B00G466,U_B00G46F,U_B00G46G,U_B00G46I,U_B00G46M,U_B00G46N,U_B00G46R,U_B00G46S,U_B00G470,U_B00G47C,U_B00G47D,U_B00G47I,U_B00G47J,U_B00G47N,U_B00G47P,U_B00G47Q,U_B00G47V,U_B00G47W,U_B00G47Y,U_B00G48A,U_B00G48F,U_B00G48G,U_B00G48O,U_B00G48R,U_B00G496,U_B00G497,U_B00G498,U_B00G49D,U_B00G49G,U_B00G49J,U_B00G49O,U_B00G4AW,U_B00G4AX,U_B00G4B0,U_B00G4B2,U_B00G4BD,U_B00G75W,U_B00G767,U_B00G76E,U_B00G76K,U_B00G76L,U_B00G76M,U_B00G76P,U_B00G76S,U_B00G76V,U_B00G76X,U_B00G76Z,U_B00G77E,U_B00G77H,U_B00G77T,U_B00G77V,U_B00G77W,U_B00G77X,U_B00G77Y,U_B00G780,U_B00G781,U_B00G782,U_B00G78C,U_B00G78G,U_B00G78J,U_B00G78M,U_B00G78T,U_B00G79A,U_B00G79N,U_B00G79O,U_B00G7A5,U_B00G7AC,U_B00G7AI,U_B00G7AJ,U_B00G7AN,U_B00G7AQ,U_B00G7AR,U_B00G7AU,U_B00G7B0,U_B00G7B3,U_B00G7B4,U_B00G7B6,U_B00G7B9,U_B00G7BJ,U_B00G7BK,U_B00G7BL,U_B00G7BP,U_B00G7BQ,U_B00G7BT,U_B00G7C8,U_B00G7C9,U_B00G7CA,U_B00G7CD,U_B00G7CF,U_B00G7CH,U_B00G7CL,U_B00G7CT,U_B00G7D9,U_B00G7DA,U_B00G7DF,U_B00G7DP,U_B00GL86,U_B00GL88,U_B00GL8B,U_B00GL8C,U_B00GL8K,U_B00GL8M,U_B00GL8N,U_B00GL9B,U_B00GL9C,U_B00GL9E,U_B00GL9F,U_B00GL9O,U_B00GL9W,U_B00GLA2,U_B00GLAD,U_B00GLAF,U_B00GLAJ,U_B00GLAL,U_B00GLAP,U_B00GLAQ,U_B00GRO3,U_B00HWMV,U_B00HWNB,U_B00HWNF,U_B00HWNH,U_B00HWNQ,U_B00HWNY,U_B00HWO6,U_B00HWO7,U_B00HWOB,U_B00HWOC,U_B00HWOM,U_B00HWOP,U_B00HWOS,U_B00HWOT,U_B00HWOW,U_B00HWOY,U_B00HWP2,U_B00HWPA,U_B00HWPB,U_B00HWPE,U_B00HWPG,U_B00HWPL,U_B00IQ6I,U_B00IQ6L,U_B00IQ6M,U_B00IQ6Q,U_B00IQ76,U_B00IQ7B,U_B00IQ7F,U_B00IQ7T,U_B00IQ7U,U_BGI_1-2845,U_BGI_5-3417,U_BGI_5-3418,U_BGI_5-4189,U_BGI_5-7418,U_BGI_APM72,U_BGI_CSM-MF,
1_229568935_G_C	4	0	2	2	0	0	rs6667660	8	57	34	21	11	intron_variant	MODIFIER		A_B00FXQO,A_B00FZIQ,A_B00HWND,A_B00HWOX,U_B00FXQN,U_B00G7AR,U_B00HWNC,U_B00HWOW,
1_229568936_G_T	1	0	0	0	0	0	rs557950724	1	36	14	36	14	intron_variant	MODIFIER		A_B00FZIS,
1_229568937_G_A	3	0	3	0	0	0	rs577738350	6	46	25	12	8	intron_variant	MODIFIER		A_B00FZGS,A_BGI_5-4191,A_BGI_5-9557,U_B00G497,U_B00HWO7,U_BGI_5-4189,
1_229568937_G_T	1	0	0	0	0	0	rs577738350	1	21	11	21	11	intron_variant	MODIFIER		A_B00FZLI,
1_229568938_G_C	0	0	2	0	0	0	.	2	27	15	11	6	intron_variant	MODIFIER		U_B00GRO1,U_B00HWOB,
1_229569044_C_A	1	0	0	0	0	0	.	1	9	4	9	4	intron_variant	MODIFIER		A_B00FZJF,
1_229569076_A_C	0	1	1	0	0	0	rs116641355	2	6	4	2	2	intron_variant	MODIFIER		A_B00FZN0,U_B00FZG3,
1_229569089_G_A	1	0	0	0	0	0	.	1	4	3	4	3	intron_variant	MODIFIER		A_B00FZNA,
1_229569107_C_A	0	0	1	0	0	0	.	1	5	3	5	3	intron_variant	MODIFIER		U_B00GL80,
1_229569176_C_A	0	0	0	1	0	0	.	1	2	2	2	2	intron_variant	MODIFIER		U_B00FXR0,
1_229569191_G_T	0	0	0	1	0	0	.	1	2	2	2	2	intron_variant	MODIFIER		U_B00FXPA,
1_229569209_C_A	0	0	1	0	0	0	.	1	4	2	4	2	intron_variant	MODIFIER		U_B00G48A,
1_229569233_C_T	0	0	0	1	0	0	.	1	2	2	2	2	intron_variant	MODIFIER		U_B00FZIG,
1_229569277_G_T	1	0	0	0	0	0	.	0	5	2	5	2	intron_variant	MODIFIER		A_B00HWNA,
1_229569293_G_T	0	0	0	1	0	0	.	1	2	2	2	2	intron_variant	MODIFIER		U_B00FXRL,
1_229569294_G_T	0	0	0	1	0	0	.	1	2	2	2	2	intron_variant	MODIFIER		U_B00FXP9,
1_229569300_G_T	0	0	1	0	0	0	.	1	3	2	3	2	intron_variant	MODIFIER		U_B00FXQS,
1_229569306_G_T	1	0	0	0	0	0	.	1	3	2	3	2	intron_variant	MODIFIER		A_B00G7D6,
1_229569310_A_G	0	1	0	1	0	0	rs114344322	2	3	3	2	2	intron_variant	MODIFIER		A_B00G475,U_B00G79A,
1_229569320_C_A	0	0	1	0	0	0	.	1	3	2	3	2	intron_variant	MODIFIER		U_B00FXQS,
