indiv	position	zyg	effect	hasRsId	occurVar	nbVar
A_B00FZFS	203	het	MODERATE	no	1	1
A_B00FZGO	786	het	LOW	yes	1	1
A_B00FZH5	283	het	MODERATE	no	1	1
A_B00FZI1	759	het	LOW	no	1	1
A_B00FZIC	437	het	MODERATE	no	1	1
A_B00FZN0	453	het	LOW	yes	6	1
A_B00G46O	346	het	MODERATE	no	1	1
A_B00G47K	763	het	MODERATE	no	1	1
A_B00GL9G	220	het	MODERATE	yes	1	1
A_B00GL9X	453	het	LOW	yes	6	1
A_B00HWP9	455	het	LOWsplice	no	3	1
A_B00IQ6N	440	het	MODERATE	no	3	1
A_B00IQ6O	440	het	MODERATE	no	3	1
A_BGI_5-2552	453	het	LOW	yes	6	1
A_BGI_PAM-497	686	het	MODERATE	no	1	1
U_B00FXRQ	960	het	LOW	no	1	1
U_B00FZG3	453	het	LOW	yes	6	1
U_B00FZMY	453	het	LOW	yes	6	1
U_B00G49D	441	het	LOW	no	1	1
U_B00G763	30	het	LOW	no	2	1
U_B00G764	30	het	LOW	no	2	1
U_B00GL9W	453	het	LOW	yes	6	1
U_B00HWPA	455	het	LOWsplice	no	3	1
U_B00HWPB	455	het	LOWsplice	no	3	1
U_polymorphism	130	het	LOWsplice	yes	>x	0
U_polymorphism	130	het	LOWsplice	yes	>x	0
U_polymorphism	130	het	LOWsplice	yes	>x	0
U_polymorphism	130	het	LOWsplice	yes	>x	0
U_polymorphism	130	het	LOWsplice	yes	>x	0
U_polymorphism	130	het	LOWsplice	yes	>x	0
U_polymorphism	130	het	LOWsplice	yes	>x	0
U_polymorphism	130	het	LOWsplice	yes	>x	0
U_polymorphism	130	het	LOWsplice	yes	>x	0
U_polymorphism	130	het	LOWsplice	yes	>x	0
U_polymorphism	130	het	LOWsplice	yes	>x	0
U_polymorphism	130	het	LOWsplice	yes	>x	0
U_polymorphism	130	het	LOWsplice	yes	>x	0
U_polymorphism	130	hom	LOWsplice	yes	>x	0
U_polymorphism	130	het	LOWsplice	yes	>x	0
U_polymorphism	130	het	LOWsplice	yes	>x	0
U_polymorphism	130	het	LOWsplice	yes	>x	0
U_polymorphism	130	het	LOWsplice	yes	>x	0
U_polymorphism	130	het	LOWsplice	yes	>x	0
U_polymorphism	130	het	LOWsplice	yes	>x	0
U_polymorphism	130	het	LOWsplice	yes	>x	0
U_polymorphism	130	het	LOWsplice	yes	>x	0
U_polymorphism	130	het	LOWsplice	yes	>x	0
U_polymorphism	130	het	LOWsplice	yes	>x	0
U_polymorphism	130	het	LOWsplice	yes	>x	0
U_polymorphism	130	het	LOWsplice	yes	>x	0
U_polymorphism	130	hom	LOWsplice	yes	>x	0
U_polymorphism	130	het	LOWsplice	yes	>x	0
U_polymorphism	130	het	LOWsplice	yes	>x	0
U_polymorphism	130	het	LOWsplice	yes	>x	0
U_polymorphism	130	het	LOWsplice	yes	>x	0
U_polymorphism	996	het	LOW	yes	>x	0
U_polymorphism	130	hom	LOWsplice	yes	>x	0
U_polymorphism	130	het	LOWsplice	yes	>x	0
U_polymorphism	130	het	LOWsplice	yes	>x	0
U_polymorphism	130	het	LOWsplice	yes	>x	0
U_polymorphism	130	het	LOWsplice	yes	>x	0
U_polymorphism	130	het	LOWsplice	yes	>x	0
U_polymorphism	130	het	LOWsplice	yes	>x	0
U_polymorphism	130	hom	LOWsplice	yes	>x	0
U_polymorphism	130	het	LOWsplice	yes	>x	0
U_polymorphism	996	het	LOW	yes	>x	0
U_polymorphism	130	hom	LOWsplice	yes	>x	0
U_polymorphism	130	het	LOWsplice	yes	>x	0
U_polymorphism	130	het	LOWsplice	yes	>x	0
U_polymorphism	130	het	LOWsplice	yes	>x	0
U_polymorphism	996	hom	LOW	yes	>x	0
U_polymorphism	130	hom	LOWsplice	yes	>x	0
U_polymorphism	130	het	LOWsplice	yes	>x	0
U_polymorphism	130	het	LOWsplice	yes	>x	0
U_polymorphism	130	het	LOWsplice	yes	>x	0
U_polymorphism	130	het	LOWsplice	yes	>x	0
U_polymorphism	130	het	LOWsplice	yes	>x	0
U_polymorphism	130	hom	LOWsplice	yes	>x	0
U_polymorphism	130	het	LOWsplice	yes	>x	0
U_polymorphism	130	het	LOWsplice	yes	>x	0
U_polymorphism	130	het	LOWsplice	yes	>x	0
U_polymorphism	130	het	LOWsplice	yes	>x	0
U_polymorphism	130	het	LOWsplice	yes	>x	0
U_polymorphism	130	het	LOWsplice	yes	>x	0
U_polymorphism	130	hom	LOWsplice	yes	>x	0
U_polymorphism	130	het	LOWsplice	yes	>x	0
U_polymorphism	130	het	LOWsplice	yes	>x	0
U_polymorphism	130	hom	LOWsplice	yes	>x	0
U_polymorphism	130	het	LOWsplice	yes	>x	0
U_polymorphism	130	het	LOWsplice	yes	>x	0
U_polymorphism	996	het	LOW	yes	>x	0
U_polymorphism	130	hom	LOWsplice	yes	>x	0
U_polymorphism	130	het	LOWsplice	yes	>x	0
U_polymorphism	996	het	LOW	yes	>x	0
U_polymorphism	130	hom	LOWsplice	yes	>x	0
U_polymorphism	130	hom	LOWsplice	yes	>x	0
U_polymorphism	130	hom	LOWsplice	yes	>x	0
U_polymorphism	130	het	LOWsplice	yes	>x	0
U_polymorphism	130	het	LOWsplice	yes	>x	0
U_polymorphism	130	het	LOWsplice	yes	>x	0
U_polymorphism	130	hom	LOWsplice	yes	>x	0
U_polymorphism	130	het	LOWsplice	yes	>x	0
U_polymorphism	130	het	LOWsplice	yes	>x	0
U_polymorphism	130	hom	LOWsplice	yes	>x	0
U_polymorphism	130	het	LOWsplice	yes	>x	0
U_polymorphism	130	het	LOWsplice	yes	>x	0
U_polymorphism	130	het	LOWsplice	yes	>x	0
U_polymorphism	130	het	LOWsplice	yes	>x	0
U_polymorphism	130	het	LOWsplice	yes	>x	0
U_polymorphism	130	het	LOWsplice	yes	>x	0
U_polymorphism	130	het	LOWsplice	yes	>x	0
U_polymorphism	130	het	LOWsplice	yes	>x	0
U_polymorphism	130	het	LOWsplice	yes	>x	0
U_polymorphism	130	het	LOWsplice	yes	>x	0
U_polymorphism	130	hom	LOWsplice	yes	>x	0
U_polymorphism	130	het	LOWsplice	yes	>x	0
U_polymorphism	130	het	LOWsplice	yes	>x	0
U_polymorphism	130	het	LOWsplice	yes	>x	0
U_polymorphism	130	het	LOWsplice	yes	>x	0
U_polymorphism	130	het	LOWsplice	yes	>x	0
U_polymorphism	130	het	LOWsplice	yes	>x	0
U_polymorphism	130	het	LOWsplice	yes	>x	0
U_polymorphism	130	het	LOWsplice	yes	>x	0
U_polymorphism	130	het	LOWsplice	yes	>x	0
U_polymorphism	996	het	LOW	yes	>x	0
U_polymorphism	130	hom	LOWsplice	yes	>x	0
U_polymorphism	130	het	LOWsplice	yes	>x	0
U_polymorphism	130	het	LOWsplice	yes	>x	0
U_polymorphism	130	het	LOWsplice	yes	>x	0
U_polymorphism	130	het	LOWsplice	yes	>x	0
U_polymorphism	130	het	LOWsplice	yes	>x	0
U_polymorphism	130	het	LOWsplice	yes	>x	0
U_polymorphism	130	het	LOWsplice	yes	>x	0
U_polymorphism	130	hom	LOWsplice	yes	>x	0
U_polymorphism	130	het	LOWsplice	yes	>x	0
U_polymorphism	130	het	LOWsplice	yes	>x	0
U_polymorphism	130	het	LOWsplice	yes	>x	0
U_polymorphism	130	het	LOWsplice	yes	>x	0
U_polymorphism	130	het	LOWsplice	yes	>x	0
U_polymorphism	130	het	LOWsplice	yes	>x	0
U_polymorphism	130	het	LOWsplice	yes	>x	0
U_polymorphism	130	hom	LOWsplice	yes	>x	0
U_polymorphism	130	het	LOWsplice	yes	>x	0
U_polymorphism	130	het	LOWsplice	yes	>x	0
U_polymorphism	130	het	LOWsplice	yes	>x	0
U_polymorphism	130	het	LOWsplice	yes	>x	0
U_polymorphism	130	hom	LOWsplice	yes	>x	0
U_polymorphism	130	het	LOWsplice	yes	>x	0
U_polymorphism	130	het	LOWsplice	yes	>x	0
U_polymorphism	130	het	LOWsplice	yes	>x	0
U_polymorphism	130	het	LOWsplice	yes	>x	0
U_polymorphism	130	hom	LOWsplice	yes	>x	0
U_polymorphism	130	het	LOWsplice	yes	>x	0
U_polymorphism	130	het	LOWsplice	yes	>x	0
U_polymorphism	130	hom	LOWsplice	yes	>x	0
U_polymorphism	130	hom	LOWsplice	yes	>x	0
U_polymorphism	130	het	LOWsplice	yes	>x	0
U_polymorphism	130	het	LOWsplice	yes	>x	0
U_polymorphism	130	het	LOWsplice	yes	>x	0
U_polymorphism	130	het	LOWsplice	yes	>x	0
U_polymorphism	130	het	LOWsplice	yes	>x	0
U_polymorphism	130	het	LOWsplice	yes	>x	0
U_polymorphism	130	het	LOWsplice	yes	>x	0
U_polymorphism	130	het	LOWsplice	yes	>x	0
U_polymorphism	130	het	LOWsplice	yes	>x	0
U_polymorphism	130	het	LOWsplice	yes	>x	0
U_polymorphism	130	het	LOWsplice	yes	>x	0
U_polymorphism	130	het	LOWsplice	yes	>x	0
U_polymorphism	130	het	LOWsplice	yes	>x	0
U_polymorphism	130	het	LOWsplice	yes	>x	0
U_polymorphism	130	het	LOWsplice	yes	>x	0
U_polymorphism	130	het	LOWsplice	yes	>x	0
U_polymorphism	130	het	LOWsplice	yes	>x	0
U_polymorphism	130	het	LOWsplice	yes	>x	0
U_polymorphism	130	het	LOWsplice	yes	>x	0
U_polymorphism	130	het	LOWsplice	yes	>x	0
U_polymorphism	130	het	LOWsplice	yes	>x	0
U_polymorphism	130	het	LOWsplice	yes	>x	0
U_polymorphism	130	het	LOWsplice	yes	>x	0
U_polymorphism	130	het	LOWsplice	yes	>x	0
U_polymorphism	130	het	LOWsplice	yes	>x	0
U_polymorphism	130	het	LOWsplice	yes	>x	0
U_polymorphism	130	het	LOWsplice	yes	>x	0
U_polymorphism	130	het	LOWsplice	yes	>x	0
U_polymorphism	130	het	LOWsplice	yes	>x	0
U_polymorphism	130	het	LOWsplice	yes	>x	0
U_polymorphism	130	het	LOWsplice	yes	>x	0
U_polymorphism	130	het	LOWsplice	yes	>x	0
U_polymorphism	130	het	LOWsplice	yes	>x	0
U_polymorphism	130	het	LOWsplice	yes	>x	0
U_polymorphism	130	het	LOWsplice	yes	>x	0
U_polymorphism	130	het	LOWsplice	yes	>x	0
U_polymorphism	130	hom	LOWsplice	yes	>x	0
U_polymorphism	130	het	LOWsplice	yes	>x	0
U_polymorphism	130	het	LOWsplice	yes	>x	0
U_polymorphism	130	het	LOWsplice	yes	>x	0
U_polymorphism	130	het	LOWsplice	yes	>x	0
U_polymorphism	130	het	LOWsplice	yes	>x	0
U_polymorphism	130	het	LOWsplice	yes	>x	0
U_polymorphism	130	het	LOWsplice	yes	>x	0
U_polymorphism	130	het	LOWsplice	yes	>x	0
U_polymorphism	130	het	LOWsplice	yes	>x	0
U_polymorphism	130	hom	LOWsplice	yes	>x	0
U_polymorphism	130	het	LOWsplice	yes	>x	0
U_polymorphism	130	het	LOWsplice	yes	>x	0
U_polymorphism	130	het	LOWsplice	yes	>x	0
U_polymorphism	130	het	LOWsplice	yes	>x	0
U_polymorphism	130	het	LOWsplice	yes	>x	0
U_polymorphism	130	het	LOWsplice	yes	>x	0
U_polymorphism	130	het	LOWsplice	yes	>x	0
U_polymorphism	130	het	LOWsplice	yes	>x	0
U_polymorphism	130	het	LOWsplice	yes	>x	0
U_polymorphism	130	het	LOWsplice	yes	>x	0
U_polymorphism	130	het	LOWsplice	yes	>x	0
U_polymorphism	130	het	LOWsplice	yes	>x	0
U_polymorphism	130	het	LOWsplice	yes	>x	0
U_polymorphism	130	het	LOWsplice	yes	>x	0
U_polymorphism	130	het	LOWsplice	yes	>x	0
U_polymorphism	130	het	LOWsplice	yes	>x	0
U_polymorphism	130	het	LOWsplice	yes	>x	0
U_polymorphism	130	het	LOWsplice	yes	>x	0
U_polymorphism	130	het	LOWsplice	yes	>x	0
U_polymorphism	130	het	LOWsplice	yes	>x	0
U_polymorphism	130	het	LOWsplice	yes	>x	0
U_polymorphism	130	hom	LOWsplice	yes	>x	0
U_polymorphism	130	hom	LOWsplice	yes	>x	0
U_polymorphism	130	hom	LOWsplice	yes	>x	0
U_polymorphism	130	hom	LOWsplice	yes	>x	0
U_polymorphism	130	het	LOWsplice	yes	>x	0
U_polymorphism	130	hom	LOWsplice	yes	>x	0
U_polymorphism	130	het	LOWsplice	yes	>x	0
U_polymorphism	130	het	LOWsplice	yes	>x	0
U_polymorphism	130	het	LOWsplice	yes	>x	0
U_polymorphism	130	hom	LOWsplice	yes	>x	0
U_polymorphism	130	het	LOWsplice	yes	>x	0
U_polymorphism	130	het	LOWsplice	yes	>x	0
U_polymorphism	130	het	LOWsplice	yes	>x	0
U_polymorphism	130	het	LOWsplice	yes	>x	0
U_polymorphism	130	het	LOWsplice	yes	>x	0
U_polymorphism	130	het	LOWsplice	yes	>x	0
U_polymorphism	130	het	LOWsplice	yes	>x	0
U_polymorphism	130	het	LOWsplice	yes	>x	0
U_polymorphism	130	het	LOWsplice	yes	>x	0
U_polymorphism	130	het	LOWsplice	yes	>x	0
U_polymorphism	130	het	LOWsplice	yes	>x	0
U_polymorphism	130	het	LOWsplice	yes	>x	0
U_polymorphism	130	het	LOWsplice	yes	>x	0
U_polymorphism	130	het	LOWsplice	yes	>x	0
U_polymorphism	130	het	LOWsplice	yes	>x	0
U_polymorphism	130	het	LOWsplice	yes	>x	0
U_polymorphism	130	hom	LOWsplice	yes	>x	0
U_polymorphism	130	het	LOWsplice	yes	>x	0
U_polymorphism	130	het	LOWsplice	yes	>x	0
U_polymorphism	130	het	LOWsplice	yes	>x	0
U_polymorphism	130	het	LOWsplice	yes	>x	0
U_polymorphism	130	het	LOWsplice	yes	>x	0
U_polymorphism	130	het	LOWsplice	yes	>x	0
U_polymorphism	130	het	LOWsplice	yes	>x	0
U_polymorphism	130	het	LOWsplice	yes	>x	0
U_polymorphism	130	het	LOWsplice	yes	>x	0
U_polymorphism	130	het	LOWsplice	yes	>x	0
U_polymorphism	130	hom	LOWsplice	yes	>x	0
U_polymorphism	130	het	LOWsplice	yes	>x	0
U_polymorphism	130	het	LOWsplice	yes	>x	0
U_polymorphism	130	het	LOWsplice	yes	>x	0
U_polymorphism	130	hom	LOWsplice	yes	>x	0
U_polymorphism	130	hom	LOWsplice	yes	>x	0
U_polymorphism	130	het	LOWsplice	yes	>x	0
U_polymorphism	130	het	LOWsplice	yes	>x	0
U_polymorphism	130	het	LOWsplice	yes	>x	0
U_polymorphism	130	het	LOWsplice	yes	>x	0
U_polymorphism	130	het	LOWsplice	yes	>x	0
U_polymorphism	130	het	LOWsplice	yes	>x	0
U_polymorphism	130	het	LOWsplice	yes	>x	0
U_polymorphism	130	het	LOWsplice	yes	>x	0
U_polymorphism	130	het	LOWsplice	yes	>x	0
U_polymorphism	130	het	LOWsplice	yes	>x	0
U_polymorphism	130	het	LOWsplice	yes	>x	0
U_polymorphism	130	het	LOWsplice	yes	>x	0
U_polymorphism	130	het	LOWsplice	yes	>x	0
U_polymorphism	130	het	LOWsplice	yes	>x	0
U_polymorphism	130	het	LOWsplice	yes	>x	0
U_polymorphism	130	het	LOWsplice	yes	>x	0
U_polymorphism	130	het	LOWsplice	yes	>x	0
U_polymorphism	130	het	LOWsplice	yes	>x	0
U_polymorphism	130	het	LOWsplice	yes	>x	0
U_polymorphism	130	het	LOWsplice	yes	>x	0
U_polymorphism	130	het	LOWsplice	yes	>x	0
U_polymorphism	130	het	LOWsplice	yes	>x	0
U_polymorphism	130	het	LOWsplice	yes	>x	0
U_polymorphism	130	het	LOWsplice	yes	>x	0
U_polymorphism	130	het	LOWsplice	yes	>x	0
U_polymorphism	130	het	LOWsplice	yes	>x	0
U_polymorphism	130	het	LOWsplice	yes	>x	0
U_polymorphism	996	het	LOW	yes	>x	0
U_polymorphism	130	hom	LOWsplice	yes	>x	0
U_polymorphism	130	het	LOWsplice	yes	>x	0
U_polymorphism	130	het	LOWsplice	yes	>x	0
U_polymorphism	130	het	LOWsplice	yes	>x	0
U_polymorphism	130	het	LOWsplice	yes	>x	0
U_polymorphism	130	het	LOWsplice	yes	>x	0
U_polymorphism	130	het	LOWsplice	yes	>x	0
U_polymorphism	130	hom	LOWsplice	yes	>x	0
U_polymorphism	130	het	LOWsplice	yes	>x	0
U_polymorphism	130	het	LOWsplice	yes	>x	0
U_polymorphism	130	het	LOWsplice	yes	>x	0
U_polymorphism	130	hom	LOWsplice	yes	>x	0
U_polymorphism	130	hom	LOWsplice	yes	>x	0
U_polymorphism	130	het	LOWsplice	yes	>x	0
U_polymorphism	130	het	LOWsplice	yes	>x	0
U_polymorphism	130	het	LOWsplice	yes	>x	0
U_polymorphism	996	het	LOW	yes	>x	0
U_polymorphism	130	het	LOWsplice	yes	>x	0
U_polymorphism	130	het	LOWsplice	yes	>x	0
U_polymorphism	130	het	LOWsplice	yes	>x	0
U_polymorphism	130	het	LOWsplice	yes	>x	0
U_polymorphism	130	het	LOWsplice	yes	>x	0
U_polymorphism	130	hom	LOWsplice	yes	>x	0
U_polymorphism	130	het	LOWsplice	yes	>x	0
U_polymorphism	130	het	LOWsplice	yes	>x	0
U_polymorphism	130	het	LOWsplice	yes	>x	0
U_polymorphism	130	het	LOWsplice	yes	>x	0
U_polymorphism	130	het	LOWsplice	yes	>x	0
U_polymorphism	130	het	LOWsplice	yes	>x	0
U_polymorphism	130	het	LOWsplice	yes	>x	0
U_polymorphism	130	hom	LOWsplice	yes	>x	0
U_polymorphism	130	het	LOWsplice	yes	>x	0
U_polymorphism	130	het	LOWsplice	yes	>x	0
U_polymorphism	130	hom	LOWsplice	yes	>x	0
U_polymorphism	130	het	LOWsplice	yes	>x	0
U_polymorphism	130	het	LOWsplice	yes	>x	0
U_polymorphism	130	het	LOWsplice	yes	>x	0
U_polymorphism	130	het	LOWsplice	yes	>x	0
U_polymorphism	130	het	LOWsplice	yes	>x	0
U_polymorphism	130	het	LOWsplice	yes	>x	0
U_polymorphism	130	het	LOWsplice	yes	>x	0
U_polymorphism	130	het	LOWsplice	yes	>x	0
U_polymorphism	130	het	LOWsplice	yes	>x	0
U_polymorphism	130	het	LOWsplice	yes	>x	0
U_polymorphism	130	het	LOWsplice	yes	>x	0
U_polymorphism	130	hom	LOWsplice	yes	>x	0
U_polymorphism	130	het	LOWsplice	yes	>x	0
U_polymorphism	130	het	LOWsplice	yes	>x	0
U_polymorphism	130	het	LOWsplice	yes	>x	0
U_polymorphism	130	het	LOWsplice	yes	>x	0
U_polymorphism	996	het	LOW	yes	>x	0
U_polymorphism	130	hom	LOWsplice	yes	>x	0
U_polymorphism	130	hom	LOWsplice	yes	>x	0
U_polymorphism	130	het	LOWsplice	yes	>x	0
U_polymorphism	130	het	LOWsplice	yes	>x	0
U_polymorphism	130	het	LOWsplice	yes	>x	0
U_polymorphism	996	het	LOW	yes	>x	0
U_polymorphism	130	hom	LOWsplice	yes	>x	0
U_polymorphism	130	het	LOWsplice	yes	>x	0
U_polymorphism	130	het	LOWsplice	yes	>x	0
U_polymorphism	130	het	LOWsplice	yes	>x	0
U_polymorphism	130	het	LOWsplice	yes	>x	0
U_polymorphism	130	het	LOWsplice	yes	>x	0
U_polymorphism	130	het	LOWsplice	yes	>x	0
U_polymorphism	130	het	LOWsplice	yes	>x	0
U_polymorphism	130	hom	LOWsplice	yes	>x	0
U_polymorphism	130	het	LOWsplice	yes	>x	0
U_polymorphism	130	het	LOWsplice	yes	>x	0
U_polymorphism	130	het	LOWsplice	yes	>x	0
U_polymorphism	130	het	LOWsplice	yes	>x	0
U_polymorphism	130	het	LOWsplice	yes	>x	0
U_polymorphism	130	het	LOWsplice	yes	>x	0
U_polymorphism	130	het	LOWsplice	yes	>x	0
U_polymorphism	130	het	LOWsplice	yes	>x	0
U_polymorphism	130	het	LOWsplice	yes	>x	0
U_polymorphism	130	het	LOWsplice	yes	>x	0
U_polymorphism	130	het	LOWsplice	yes	>x	0
U_polymorphism	130	het	LOWsplice	yes	>x	0
U_polymorphism	130	het	LOWsplice	yes	>x	0
U_polymorphism	130	het	LOWsplice	yes	>x	0
U_polymorphism	130	het	LOWsplice	yes	>x	0
U_polymorphism	130	het	LOWsplice	yes	>x	0
U_polymorphism	130	het	LOWsplice	yes	>x	0
U_polymorphism	130	het	LOWsplice	yes	>x	0
U_polymorphism	130	het	LOWsplice	yes	>x	0
U_polymorphism	130	hom	LOWsplice	yes	>x	0
U_polymorphism	130	het	LOWsplice	yes	>x	0
U_polymorphism	130	hom	LOWsplice	yes	>x	0
U_polymorphism	130	het	LOWsplice	yes	>x	0
U_polymorphism	130	het	LOWsplice	yes	>x	0
U_polymorphism	130	hom	LOWsplice	yes	>x	0
U_polymorphism	130	het	LOWsplice	yes	>x	0
U_polymorphism	130	het	LOWsplice	yes	>x	0
U_polymorphism	130	het	LOWsplice	yes	>x	0
U_polymorphism	996	het	LOW	yes	>x	0
U_polymorphism	130	hom	LOWsplice	yes	>x	0
U_polymorphism	130	het	LOWsplice	yes	>x	0
U_polymorphism	130	het	LOWsplice	yes	>x	0
U_polymorphism	130	het	LOWsplice	yes	>x	0
U_polymorphism	130	het	LOWsplice	yes	>x	0
U_polymorphism	130	hom	LOWsplice	yes	>x	0
U_polymorphism	130	het	LOWsplice	yes	>x	0
U_polymorphism	130	hom	LOWsplice	yes	>x	0
U_polymorphism	130	het	LOWsplice	yes	>x	0
U_polymorphism	130	het	LOWsplice	yes	>x	0
U_polymorphism	130	het	LOWsplice	yes	>x	0
U_polymorphism	130	het	LOWsplice	yes	>x	0
U_polymorphism	130	het	LOWsplice	yes	>x	0
U_polymorphism	130	het	LOWsplice	yes	>x	0
U_polymorphism	130	het	LOWsplice	yes	>x	0
U_polymorphism	130	het	LOWsplice	yes	>x	0
U_polymorphism	130	het	LOWsplice	yes	>x	0
U_polymorphism	130	hom	LOWsplice	yes	>x	0
U_polymorphism	130	het	LOWsplice	yes	>x	0
U_polymorphism	130	het	LOWsplice	yes	>x	0
U_polymorphism	130	het	LOWsplice	yes	>x	0
U_polymorphism	130	het	LOWsplice	yes	>x	0
U_polymorphism	130	het	LOWsplice	yes	>x	0
U_polymorphism	130	het	LOWsplice	yes	>x	0
U_polymorphism	130	het	LOWsplice	yes	>x	0
U_polymorphism	130	het	LOWsplice	yes	>x	0
U_polymorphism	130	het	LOWsplice	yes	>x	0
U_polymorphism	130	het	LOWsplice	yes	>x	0
U_polymorphism	130	het	LOWsplice	yes	>x	0
U_polymorphism	130	het	LOWsplice	yes	>x	0
U_polymorphism	130	het	LOWsplice	yes	>x	0
U_polymorphism	130	het	LOWsplice	yes	>x	0
U_polymorphism	130	hom	LOWsplice	yes	>x	0
U_polymorphism	130	het	LOWsplice	yes	>x	0
U_polymorphism	130	het	LOWsplice	yes	>x	0
U_polymorphism	130	het	LOWsplice	yes	>x	0
U_polymorphism	130	het	LOWsplice	yes	>x	0
U_polymorphism	130	hom	LOWsplice	yes	>x	0
U_polymorphism	130	het	LOWsplice	yes	>x	0
U_polymorphism	130	hom	LOWsplice	yes	>x	0
U_polymorphism	130	het	LOWsplice	yes	>x	0
U_polymorphism	130	het	LOWsplice	yes	>x	0
U_polymorphism	130	het	LOWsplice	yes	>x	0
U_polymorphism	130	het	LOWsplice	yes	>x	0
U_polymorphism	130	hom	LOWsplice	yes	>x	0
U_polymorphism	130	het	LOWsplice	yes	>x	0
U_polymorphism	130	het	LOWsplice	yes	>x	0
U_polymorphism	130	hom	LOWsplice	yes	>x	0
U_polymorphism	130	het	LOWsplice	yes	>x	0
U_polymorphism	130	het	LOWsplice	yes	>x	0
U_polymorphism	130	het	LOWsplice	yes	>x	0
U_polymorphism	130	het	LOWsplice	yes	>x	0
U_polymorphism	130	het	LOWsplice	yes	>x	0
U_polymorphism	130	hom	LOWsplice	yes	>x	0
U_polymorphism	130	het	LOWsplice	yes	>x	0
U_polymorphism	130	hom	LOWsplice	yes	>x	0
U_polymorphism	130	het	LOWsplice	yes	>x	0
U_polymorphism	130	hom	LOWsplice	yes	>x	0
U_polymorphism	130	het	LOWsplice	yes	>x	0
U_polymorphism	130	het	LOWsplice	yes	>x	0
U_polymorphism	130	hom	LOWsplice	yes	>x	0
U_polymorphism	130	het	LOWsplice	yes	>x	0
U_polymorphism	130	het	LOWsplice	yes	>x	0
U_polymorphism	130	het	LOWsplice	yes	>x	0
U_polymorphism	130	het	LOWsplice	yes	>x	0
U_polymorphism	130	het	LOWsplice	yes	>x	0
U_polymorphism	130	het	LOWsplice	yes	>x	0
U_polymorphism	130	het	LOWsplice	yes	>x	0
U_polymorphism	130	het	LOWsplice	yes	>x	0
U_polymorphism	130	het	LOWsplice	yes	>x	0
U_polymorphism	130	het	LOWsplice	yes	>x	0
U_polymorphism	130	het	LOWsplice	yes	>x	0
U_polymorphism	130	het	LOWsplice	yes	>x	0
U_polymorphism	130	hom	LOWsplice	yes	>x	0
U_polymorphism	130	het	LOWsplice	yes	>x	0
U_polymorphism	130	het	LOWsplice	yes	>x	0
U_polymorphism	130	het	LOWsplice	yes	>x	0
U_polymorphism	130	hom	LOWsplice	yes	>x	0
U_polymorphism	130	het	LOWsplice	yes	>x	0
U_polymorphism	130	het	LOWsplice	yes	>x	0
U_polymorphism	130	het	LOWsplice	yes	>x	0
U_polymorphism	130	het	LOWsplice	yes	>x	0
U_polymorphism	130	het	LOWsplice	yes	>x	0
U_polymorphism	130	het	LOWsplice	yes	>x	0
U_polymorphism	130	hom	LOWsplice	yes	>x	0
U_polymorphism	130	het	LOWsplice	yes	>x	0
U_polymorphism	130	het	LOWsplice	yes	>x	0
U_polymorphism	130	het	LOWsplice	yes	>x	0
U_polymorphism	130	het	LOWsplice	yes	>x	0
U_polymorphism	130	het	LOWsplice	yes	>x	0
U_polymorphism	130	het	LOWsplice	yes	>x	0
U_polymorphism	130	het	LOWsplice	yes	>x	0
U_polymorphism	130	het	LOWsplice	yes	>x	0
U_polymorphism	130	het	LOWsplice	yes	>x	0
U_polymorphism	130	het	LOWsplice	yes	>x	0
U_polymorphism	130	het	LOWsplice	yes	>x	0
U_polymorphism	130	het	LOWsplice	yes	>x	0
U_polymorphism	130	het	LOWsplice	yes	>x	0
U_polymorphism	130	het	LOWsplice	yes	>x	0
U_polymorphism	130	het	LOWsplice	yes	>x	0
U_polymorphism	130	hom	LOWsplice	yes	>x	0
U_polymorphism	130	het	LOWsplice	yes	>x	0
U_polymorphism	130	het	LOWsplice	yes	>x	0
U_polymorphism	130	het	LOWsplice	yes	>x	0
U_polymorphism	130	het	LOWsplice	yes	>x	0
U_polymorphism	130	het	LOWsplice	yes	>x	0
U_polymorphism	130	het	LOWsplice	yes	>x	0
U_polymorphism	130	het	LOWsplice	yes	>x	0
U_polymorphism	130	het	LOWsplice	yes	>x	0
U_polymorphism	130	het	LOWsplice	yes	>x	0
U_polymorphism	130	het	LOWsplice	yes	>x	0
U_polymorphism	130	het	LOWsplice	yes	>x	0
U_polymorphism	130	het	LOWsplice	yes	>x	0
U_polymorphism	130	het	LOWsplice	yes	>x	0
U_polymorphism	130	het	LOWsplice	yes	>x	0
U_polymorphism	130	het	LOWsplice	yes	>x	0
U_polymorphism	130	het	LOWsplice	yes	>x	0
U_polymorphism	130	hom	LOWsplice	yes	>x	0
U_polymorphism	130	het	LOWsplice	yes	>x	0
U_polymorphism	130	het	LOWsplice	yes	>x	0
U_polymorphism	130	het	LOWsplice	yes	>x	0
U_polymorphism	130	het	LOWsplice	yes	>x	0
U_polymorphism	130	het	LOWsplice	yes	>x	0
U_polymorphism	130	het	LOWsplice	yes	>x	0
U_polymorphism	130	het	LOWsplice	yes	>x	0
U_polymorphism	130	het	LOWsplice	yes	>x	0
U_polymorphism	130	het	LOWsplice	yes	>x	0
U_polymorphism	130	het	LOWsplice	yes	>x	0
